,latitude,longitude,avg_ghi_kwh_m2_day,avg_dni_kwh_m2_day,avg_dhi_kwh_m2_day,avg_temp_c,max_temp_c,avg_wind_speed_m_s,avg_humidity_pct,annual_rainfall_mm,avg_cloud_cover_pct,elevation_m,slope_deg,aspect_deg,dist_nearest_road_km,dist_nearest_transmission_line_km,dist_nearest_substation_km,aod_2023,tree_cover_pct,shrubland_pct,grassland_pct,cropland_pct,builtup_pct,wasteland_pct,water_pct,wetland_pct,census_pop_2011,census_pop_2024_projected,district_area_sqkm,population_density_per_sqkm,solar_variability,peak_sun_hours,solar_efficiency_index,terrain_flatness_score,infrastructure_accessibility_index,wasteland_builtup_pct,forest_proximity_km,climate_stress_index,humidity_temp_interaction,cuf
latitude,1.0,0.29952293446522704,-0.5330179327001796,0.0023192297832097856,-0.8042319674186271,0.02382809400027844,0.4201681943350184,-0.6239827886128329,-0.2818646126798417,0.46345700415688657,-0.42121032062173586,-0.05345589975143119,0.09910268827401836,-0.08698133923143336,-0.48852967523992685,-0.48847402990406374,-0.4887460897402018,0.6428435927656977,0.36459277224630876,-0.5487695622447544,0.48397551386701404,-0.2999286598802782,0.06850808604806817,-0.366928674699211,0.23974363035452742,-0.011625948997264027,-0.33224816512150324,-0.4411348088433102,-0.3864253164193458,0.029750019537063868,0.2780537694171412,-0.5330179327001792,0.34453725749310693,-0.20363727670187043,0.46442452275165613,0.041972815816466204,-0.36572166694731806,-0.268201017797988,-0.08830743032805256,-0.5384823409022681
longitude,0.29952293446522704,1.0,-0.9036144385230208,-0.8467997468715246,0.030833081215841874,-0.15044549576119773,-0.059299460352962206,-0.35747505302883176,0.7827891629113752,0.9330675426361772,0.6580204704756294,-0.49335691492798767,0.34644656525588036,0.03813123984308268,0.4704817770102531,0.4700348126569543,0.4700894162762666,0.6301378437823257,0.5122014432274965,-0.4039928898838944,0.12481763331043011,-0.2564315646125043,-0.10819562117270051,-0.16391600054914854,-0.015700238798874312,0.16058282460876083,0.1450448507399295,0.21392929647526265,-0.090927388682274,-0.09153444552220603,-0.6963380579605846,-0.9036144385230208,-0.6511256511867042,-0.28084972384460694,-0.48784987864342483,-0.11929473658023622,-0.4284992888824488,0.6817016022477185,0.7648190672232217,-0.8801226410428339
avg_ghi_kwh_m2_day,-0.5330179327001796,-0.9036144385230208,1.0,0.8124130787448453,0.16778442323024115,0.09363959423270383,-0.11394848204237194,0.48132611591809643,-0.5996077266927579,-0.9263536670974828,-0.48916057663670204,0.42699035168694327,-0.2506451178160451,-0.061910426912598654,-0.21845020939001872,-0.21793060231564068,-0.21785695718682221,-0.7369099329179001,-0.4857025707693905,0.5075258344156968,-0.2471866237424621,0.29232777661022763,0.004583380565886543,0.27086327800533017,-0.05191496686575994,-0.17074504129991244,-0.017082663953570255,-0.04502995057760416,0.19450296717453341,0.054573592263825195,0.5948523667459066,0.9999999999999997,0.5354352748998562,0.2536322220644448,0.25180093559765865,0.023871513471122256,0.4696350621854253,-0.5290970684877124,-0.6677429672754647,0.9859864435263636
avg_dni_kwh_m2_day,0.0023192297832097856,-0.8467997468715246,0.8124130787448453,1.0,-0.4358873375203593,0.031524080011313495,0.12119733279180768,0.1396164254290962,-0.8557306649600936,-0.7392890197352655,-0.8505402753795903,0.5346824664981988,-0.19812179397791013,-0.14372953434911753,-0.5115406237032055,-0.5108814828261651,-0.511021517263707,-0.5009893761490979,-0.26256561574301673,0.2579855359361121,0.06172524113734088,0.07398425454235595,0.0414745324775151,0.13167160342357154,0.01703451408698803,-0.21866627351746457,-0.20914928556677642,-0.2937758034864419,0.018739022839638353,0.07148393594763693,0.9514882563280135,0.8124130787448457,0.9270983783245663,0.13170694691658485,0.5354041959879693,0.05063741256369739,0.2952790904299581,-0.8013118873656241,-0.8165468695462734,0.8079260032525358
avg_dhi_kwh_m2_day,-0.8042319674186271,0.030833081215841874,0.16778442323024115,-0.4358873375203593,1.0,0.09337804036637239,-0.40406671788146825,0.5235109532781187,0.5059452570030682,-0.17597192968772715,0.6678091928138213,-0.24161837355096616,-0.04457589227723626,0.1461832484538917,0.5111121303652206,0.5107886700840528,0.5111446019479104,-0.275199521887264,-0.30528386149309417,0.33199038794911834,-0.4824059300133032,0.3222346214743557,-0.04865004926915495,0.18840200837723003,-0.10112855074418124,0.12124811470200288,0.33363549947120813,0.42992325271877074,0.25103465436269007,-0.0320315219191575,-0.6904081355011713,0.16778442323024076,-0.7387001462718465,0.1650298525961911,-0.5002244097381127,-0.03495205889290089,0.2277956013102096,0.5249005734017708,0.3192541868496568,0.15359090867653558
avg_temp_c,0.02382809400027844,-0.15044549576119773,0.09363959423270383,0.031524080011313495,0.09337804036637239,1.0,0.39318751051750445,0.10963575906001273,-0.06537281359373193,-0.2215293392140261,-0.24103219840235487,-0.6247960272447025,-0.2802372483175842,-0.31093572417423343,-0.2844214715635618,-0.28428023162314336,-0.28411802311376555,0.37858707719574264,-0.05337903333403979,-0.12886641935045248,-0.3290055198686529,0.20420457984570844,-0.015917183034458837,-0.0028699927672012756,0.2761270940037591,0.15766656747101157,0.020509661922725676,-0.19339325675278715,-0.0811189631788133,-0.14076130732095454,0.002718807809592076,0.09363959423270393,-0.005973948755970444,0.40818610845983355,0.2084203434262526,-0.01603525617442217,0.006990914926256287,0.3086209507505768,0.13328170980232518,-0.07358087337536239
max_temp_c,0.4201681943350184,-0.059299460352962206,-0.11394848204237194,0.12119733279180768,-0.40406671788146825,0.39318751051750445,1.0,-0.7762426217964279,-0.34253970011878887,0.017480599280763277,-0.37436311671140976,-0.24251968224960518,-0.04506626455331594,-0.257714885938924,-0.4463361107125476,-0.44555011323951793,-0.44659565341404317,0.34636724633261856,0.15646097896730507,-0.23248311967596952,0.10946076849065996,-0.12543952036961675,0.08157099275863837,-0.21311608356063164,0.18084114988695799,-0.10780977149390024,-0.25562426471949756,-0.5165967044943857,-0.23322098896901977,-0.0743224342425113,0.23960429664064323,-0.11394848204237151,0.2596532811398227,-0.00828307809623618,0.3815540254609463,0.06593180796721891,-0.243374642578537,-0.1931447553314638,0.2015502750005328,-0.18155376618128952
avg_wind_speed_m_s,-0.6239827886128329,-0.35747505302883176,0.48132611591809643,0.1396164254290962,0.5235109532781187,0.10963575906001273,-0.7762426217964279,1.0,0.10770054430201023,-0.48128189717235,0.12328267534118313,0.09877170765757347,-0.17708360945163587,0.1267416777986615,0.2610940442946597,0.2604984029080522,0.26158271075084405,-0.4455597265057858,-0.4063226682190014,0.3570607506137836,-0.37396915659766883,0.3321754681668473,-0.010689275616725159,0.34765702910302076,-0.08047706005905636,0.13268644233874044,0.27681930931887416,0.41800446566611693,0.2843973024981388,0.053851412082550384,-0.0653148439179497,0.4813261159180961,-0.11341145744498159,0.2895075722941273,-0.22730989785429936,0.014157453077765295,0.45378896333574215,0.1592942531916381,-0.3158646997848676,0.46519512189003803
avg_humidity_pct,-0.2818646126798417,0.7827891629113752,-0.5996077266927579,-0.8557306649600936,0.5059452570030682,-0.06537281359373193,-0.34253970011878887,0.10770054430201023,1.0,0.6338516702368987,0.8695005597370021,-0.46733750889070147,0.20788397024217514,0.09197444333996138,0.6625746303806122,0.6618381610508832,0.6622728143524904,0.3050846042671764,0.24315573682279024,-0.1317868210066909,-0.23349683232286264,-0.006865581200590164,-0.11235788354609431,-0.021832046088999777,-0.1331618144010034,0.27848887061845484,0.3322979901485047,0.4961472824552158,0.1564993010129926,-0.07554344167871514,-0.8655356844680683,-0.5996077266927583,-0.8583537894652695,-0.07336839393923728,-0.676743076970963,-0.11330351130283661,-0.17008646578829456,0.9286274891904668,0.8497693158420573,-0.5888818831081963
annual_rainfall_mm,0.46345700415688657,0.9330675426361772,-0.9263536670974828,-0.7392890197352655,-0.17597192968772715,-0.2215293392140261,0.017480599280763277,-0.48128189717235,0.6338516702368987,1.0,0.5042778880261293,-0.39925072774079895,0.32190583735945444,0.041257118721606256,0.3527894552234693,0.3525524500403301,0.35243683461581465,0.6597899051089133,0.5797865687496053,-0.42787470926642024,0.22903336641349414,-0.3392850777479147,-0.10453173412455809,-0.22171158779109468,-0.0528370751329568,0.18022834863388595,0.08273642773598072,0.16114611756165204,-0.11771374013141943,-0.08737295483675026,-0.5348238412148025,-0.9263536670974829,-0.47954583080524626,-0.3014700222516486,-0.3822611009278509,-0.1197717084845763,-0.516087443288071,0.5130101939888122,0.6488398436535466,-0.8906223162821715
avg_cloud_cover_pct,-0.42121032062173586,0.6580204704756294,-0.48916057663670204,-0.8505402753795903,0.6678091928138213,-0.24103219840235487,-0.37436311671140976,0.12328267534118313,0.8695005597370021,0.5042778880261293,1.0,-0.33651244548383413,0.13392788785860102,0.24995526138441115,0.7729242217520721,0.7723082618632837,0.7725334980587141,0.04801652693625188,0.1324734302638522,0.048715190186896254,-0.1707680939090793,0.0007463901652287706,-0.12160127701135641,0.06989990414399125,-0.19160862455655256,0.11711242523049126,0.29410099324372974,0.4341033869364652,0.15707569051280004,-0.07884611892395829,-0.9146183202180787,-0.4891605766367025,-0.9209102225898892,-0.09857646873934726,-0.7651869753863836,-0.11595597646879957,-0.1622432520559479,0.7395156471827626,0.7054780573120427,-0.44896953019185076
elevation_m,-0.05345589975143119,-0.49335691492798767,0.42699035168694327,0.5346824664981988,-0.24161837355096616,-0.6247960272447025,-0.24251968224960518,0.09877170765757347,-0.46733750889070147,-0.39925072774079895,-0.33651244548383413,1.0,0.03504942985295264,0.14358183341484998,-0.20964116765369653,-0.2093933109524861,-0.20963316725010347,-0.6668425707455778,-0.20424313574496672,0.27246468435104054,0.3316712331790688,-0.07497569952066832,0.06644711645936198,0.004152312400136954,-0.16307846599413078,-0.2305642429646508,-0.16885587201481134,-0.031481907816274156,0.10483765556178791,0.1690041022588857,0.5059037769379099,0.42699035168694327,0.5019060451402694,-0.24453707859510143,0.2746183736609494,0.06638182349849776,0.24825572915034264,-0.6750282819733169,-0.6046323997733988,0.5314645423263245
slope_deg,0.09910268827401836,0.34644656525588036,-0.2506451178160451,-0.19812179397791013,-0.04457589227723626,-0.2802372483175842,-0.04506626455331594,-0.17708360945163587,0.20788397024217514,0.32190583735945444,0.13392788785860102,0.03504942985295264,1.0,0.051252641452109754,0.25764588874209254,0.25800456922860665,0.2574688102075854,0.10444418836092795,0.5404116962904749,0.03307468450008173,0.04911490113289203,-0.4274841332309054,-0.09539522077000691,-0.132121077895357,-0.14953033493125092,-0.06684267767543735,0.2113185337211113,0.2947240397959175,0.17008978375675915,-0.03600079591478112,-0.14906878006944305,-0.2506451178160451,-0.12614177605309015,-0.7339917805662777,-0.24915561244316123,-0.10429691133001529,-0.1676421030716923,0.0876822459515944,0.192403002925799,-0.20520389999716862
aspect_deg,-0.08698133923143336,0.03813123984308268,-0.061910426912598654,-0.14372953434911753,0.1461832484538917,-0.31093572417423343,-0.257714885938924,0.1267416777986615,0.09197444333996138,0.041257118721606256,0.24995526138441115,0.14358183341484998,0.051252641452109754,1.0,0.19717290831029535,0.1972019567565877,0.19736083639634316,-0.20004293602035647,-0.006861089771374256,0.30544607622455694,-0.11348870427846224,-0.05090704535233573,-0.03767934916168782,0.04681149694269383,-0.1263384504613427,0.029610231851382646,-0.1845639612720083,0.14486380380545366,0.22765706155254517,0.03150731999650723,-0.16564802467577877,-0.061910426912599216,-0.17099519403255004,-0.07774674616191869,-0.16221971762447726,-0.034136689480261447,0.027943433502990746,-0.02288436295354717,-0.03428418264339336,-0.010774662639122497
dist_nearest_road_km,-0.48852967523992685,0.4704817770102531,-0.21845020939001872,-0.5115406237032055,0.5111121303652206,-0.2844214715635618,-0.4463361107125476,0.2610940442946597,0.6625746303806122,0.3527894552234693,0.7729242217520721,-0.20964116765369653,0.25764588874209254,0.19717290831029535,1.0,0.9999970971706257,0.9999974331779011,-0.13390598577936494,0.14556934824974974,0.29479563497958555,-0.11557009237187164,-0.08347176200591333,-0.20871295614088917,0.31653989611202926,-0.284623304537903,0.02840301281262557,0.4321304462069675,0.5778069528332889,0.3350335952636176,-0.17795351817930866,-0.5881927475517432,-0.2184502093900192,-0.6101750062331838,-0.24958463060474054,-0.992649428828657,-0.1850080213598342,-0.03829013758141236,0.524761329287691,0.4484006028502811,-0.17119573209212074
dist_nearest_transmission_line_km,-0.48847402990406374,0.4700348126569543,-0.21793060231564068,-0.5108814828261651,0.5107886700840528,-0.28428023162314336,-0.44555011323951793,0.2604984029080522,0.6618381610508832,0.3525524500403301,0.7723082618632837,-0.2093933109524861,0.25800456922860665,0.1972019567565877,0.9999970971706257,1.0,0.999996666944109,-0.13426906926420365,0.14612775390266866,0.2952504939318516,-0.11535462265552943,-0.08400951266145291,-0.20909920640184043,0.31665983213631044,-0.2844326037867903,0.028358465879292485,0.43158277115739097,0.5778751131447272,0.33592240249933447,-0.17818842695163967,-0.5875492089310078,-0.2179306023156412,-0.6095362629336113,-0.2500146142008838,-0.9926924117489931,-0.18538361940563985,-0.03853950472281011,0.5240920660406435,0.4480714903597884,-0.17070123118356217
dist_nearest_substation_km,-0.4887460897402018,0.4700894162762666,-0.21785695718682221,-0.511021517263707,0.5111446019479104,-0.28411802311376555,-0.44659565341404317,0.26158271075084405,0.6622728143524904,0.35243683461581465,0.7725334980587141,-0.20963316725010347,0.2574688102075854,0.19736083639634316,0.9999974331779011,0.999996666944109,1.0,-0.13418102259439305,0.14549349306220913,0.29517761083388844,-0.11582960352514221,-0.08335427006063156,-0.2090058206134219,0.3169987434001567,-0.2841789687010908,0.02882527845166752,0.4321804895184221,0.578410700757246,0.33573479866492095,-0.17820928582421106,-0.5877894566637824,-0.2178569571868228,-0.6098054281939059,-0.2493719233661128,-0.9926545899045451,-0.18526657647134837,-0.03825468157114153,0.5245866676290875,0.4479252380700169,-0.17065367358880085
aod_2023,0.6428435927656977,0.6301378437823257,-0.7369099329179001,-0.5009893761490979,-0.275199521887264,0.37858707719574264,0.34636724633261856,-0.4455597265057858,0.3050846042671764,0.6597899051089133,0.04801652693625188,-0.6668425707455778,0.10444418836092795,-0.20004293602035647,-0.13390598577936494,-0.13426906926420365,-0.13418102259439305,1.0,0.3591073184941138,-0.5653892143450382,0.09618007190123766,-0.15345897760913366,0.05713129332209432,-0.33972574401328876,0.2875768130834075,0.2617280193225508,0.050186645696953136,-0.11654974045901116,-0.3627509339033711,-0.07371319545268859,-0.3033811586234282,-0.7369099329178999,-0.25642808220715135,0.006940162370900882,0.07410979743786991,0.03259751360027489,-0.41561963491129633,0.4256124269411682,0.4811630878716286,-0.8004498176231951
tree_cover_pct,0.36459277224630876,0.5122014432274965,-0.4857025707693905,-0.26256561574301673,-0.30528386149309417,-0.05337903333403979,0.15646097896730507,-0.4063226682190014,0.24315573682279024,0.5797865687496053,0.1324734302638522,-0.20424313574496672,0.5404116962904749,-0.006861089771374256,0.14556934824974974,0.14612775390266866,0.14549349306220913,0.3591073184941138,1.0,-0.10808891829442796,0.10131766405044076,-0.7609020847565878,-0.12974405242090103,-0.2101306274520725,-0.1734952680836475,-0.07388640105224469,0.054635478477149085,0.08426873580553085,-0.03224127850460403,-0.07237057651680845,-0.11002328981543535,-0.48570257076939066,-0.06487330325377615,-0.5117347227587054,-0.176269021906813,-0.14402117000192213,-0.5628056486356853,0.20205684274462177,0.3262153121871075,-0.477647880309423
shrubland_pct,-0.5487695622447544,-0.4039928898838944,0.5075258344156968,0.2579855359361121,0.33199038794911834,-0.12886641935045248,-0.23248311967596952,0.3570607506137836,-0.1317868210066909,-0.42787470926642024,0.048715190186896254,0.27246468435104054,0.03307468450008173,0.30544607622455694,0.29479563497958555,0.2952504939318516,0.29517761083388844,-0.5653892143450382,-0.10808891829442796,1.0,-0.14588975774727003,-0.1471095082044703,-0.1731954850125305,0.08350483646625881,-0.26888991137631557,-0.128530941561155,0.15069994551708546,0.17421710869588505,0.22501965264842091,-0.09367826801878656,0.09523147823918526,0.5075258344156962,0.04922330498561806,-0.1961900510231958,-0.2716104510150591,-0.16629954157059082,0.10687353956715523,-0.16611696651894078,-0.24646154324270275,0.5305804484195088
grassland_pct,0.48397551386701404,0.12481763331043011,-0.2471866237424621,0.06172524113734088,-0.4824059300133032,-0.3290055198686529,0.10946076849065996,-0.37396915659766883,-0.23349683232286264,0.22903336641349414,-0.1707680939090793,0.3316712331790688,0.04911490113289203,-0.11348870427846224,-0.11557009237187164,-0.11535462265552943,-0.11582960352514221,0.09618007190123766,0.10131766405044076,-0.14588975774727003,1.0,-0.32415243563662866,-0.09660355943794235,-0.14041044134349162,0.11077527895301553,-0.12210230506439014,-0.18963171686340452,-0.2239170765140577,-0.1291000780231224,-0.12109395030025905,0.2128113751501912,-0.24718662374246173,0.24842376949322442,-0.31755016072308967,0.12217719183203668,-0.10608972579887575,-0.1508551205049341,-0.3550723042283903,-0.19451009838806577,-0.19299472428979356
cropland_pct,-0.2999286598802782,-0.2564315646125043,0.29232777661022763,0.07398425454235595,0.3222346214743557,0.20420457984570844,-0.12543952036961675,0.3321754681668473,-0.006865581200590164,-0.3392850777479147,0.0007463901652287706,-0.07497569952066832,-0.4274841332309054,-0.05090704535233573,-0.08347176200591333,-0.08400951266145291,-0.08335427006063156,-0.15345897760913366,-0.7609020847565878,-0.1471095082044703,-0.32415243563662866,1.0,-0.34134070384773846,0.1354164924516875,0.18003727645207895,0.11660625760152456,-0.20198099897370603,-0.21252287955486812,0.08094488498650254,-0.2845298932526448,-0.05069913392165063,0.29232777661022774,-0.08503744728101481,0.5531385616622466,0.08882197259905161,-0.32982893483396086,0.5552149338206818,0.0751318484656875,-0.07050578809677217,0.2579634303935747
builtup_pct,0.06850808604806817,-0.10819562117270051,0.004583380565886543,0.0414745324775151,-0.04865004926915495,-0.015917183034458837,0.08157099275863837,-0.010689275616725159,-0.11235788354609431,-0.10453173412455809,-0.12160127701135641,0.06644711645936198,-0.09539522077000691,-0.03767934916168782,-0.20871295614088917,-0.20909920640184043,-0.2090058206134219,0.05713129332209432,-0.12974405242090103,-0.1731954850125305,-0.09660355943794235,-0.34134070384773846,1.0,0.04063440634768744,-0.03982238749275035,0.0027543715577620083,0.2927574037808644,0.2695852543641009,-0.18019614136242187,0.7783575144873527,0.05485646534215612,0.004583380565886484,0.05838615704493619,0.10562137736739195,0.2263142724361529,0.9974589903567791,-0.10120475508663968,-0.10699068286552382,-0.06713979509355762,0.008493359481856031
wasteland_pct,-0.366928674699211,-0.16391600054914854,0.27086327800533017,0.13167160342357154,0.18840200837723003,-0.0028699927672012756,-0.21311608356063164,0.34765702910302076,-0.021832046088999777,-0.22171158779109468,0.06989990414399125,0.004152312400136954,-0.132121077895357,0.04681149694269383,0.31653989611202926,0.31665983213631044,0.3169987434001567,-0.33972574401328876,-0.2101306274520725,0.08350483646625881,-0.14041044134349162,0.1354164924516875,0.04063440634768744,1.0,-0.03862983099578361,0.06676120509889198,0.05624839344144418,0.2096402613341315,0.2638291916882726,-0.022827328834708137,0.040990032340243676,0.27086327800532967,0.01588672644738362,0.22061021100459793,-0.29584336284644663,0.11171529553436287,0.05694900588134695,-0.019556363967039154,-0.13594303394619256,0.26994959038829897
water_pct,0.23974363035452742,-0.015700238798874312,-0.05191496686575994,0.01703451408698803,-0.10112855074418124,0.2761270940037591,0.18084114988695799,-0.08047706005905636,-0.1331618144010034,-0.0528370751329568,-0.19160862455655256,-0.16307846599413078,-0.14953033493125092,-0.1263384504613427,-0.284623304537903,-0.2844326037867903,-0.2841789687010908,0.2875768130834075,-0.1734952680836475,-0.26888991137631557,0.11077527895301553,0.18003727645207895,-0.03982238749275035,-0.03862983099578361,1.0,0.4465972345528067,-0.08958047696993184,-0.21070948593488936,-0.1616697863699671,-0.09803026981000247,0.051187288371796424,-0.051914966865759644,0.05997020153434742,0.14486199576292588,0.2686478558927417,-0.04236019991761524,-0.10957545653150341,-0.02744034739033521,-0.051869146314698786,-0.09832614189585227
wetland_pct,-0.011625948997264027,0.16058282460876083,-0.17074504129991244,-0.21866627351746457,0.12124811470200288,0.15766656747101157,-0.10780977149390024,0.13268644233874044,0.27848887061845484,0.18022834863388595,0.11711242523049126,-0.2305642429646508,-0.06684267767543735,0.029610231851382646,0.02840301281262557,0.028358465879292485,0.02882527845166752,0.2617280193225508,-0.07388640105224469,-0.128530941561155,-0.12210230506439014,0.11660625760152456,0.0027543715577620083,0.06676120509889198,0.4465972345528067,1.0,0.0639928250065268,0.17630298345197917,0.06904923437149324,-0.0225825101976408,-0.2111272349475841,-0.17074504129991255,-0.2090553707833968,0.07928484914584882,-0.053159253432761365,0.007499591310507546,-0.0818966785178032,0.32892754598858964,0.2253312745121182,-0.1950316570455247
census_pop_2011,-0.33224816512150324,0.1450448507399295,-0.017082663953570255,-0.20914928556677642,0.33363549947120813,0.020509661922725676,-0.25562426471949756,0.27681930931887416,0.3322979901485047,0.08273642773598072,0.29410099324372974,-0.16885587201481134,0.2113185337211113,-0.1845639612720083,0.4321304462069675,0.43158277115739097,0.4321804895184221,0.050186645696953136,0.054635478477149085,0.15069994551708546,-0.18963171686340452,-0.20198099897370603,0.2927574037808644,0.05624839344144418,-0.08958047696993184,0.0639928250065268,1.0,0.6716146106937287,-0.126348265904138,0.20581545744251822,-0.27883336038777673,-0.017082663953570606,-0.29879935325848345,-0.06999807852955768,-0.4417573699216237,0.29517591141503446,0.020898515817573966,0.3265450819725645,0.20503095103327754,-0.019717382504126607
census_pop_2024_projected,-0.4411348088433102,0.21392929647526265,-0.04502995057760416,-0.2937758034864419,0.42992325271877074,-0.19339325675278715,-0.5165967044943857,0.41800446566611693,0.4961472824552158,0.16114611756165204,0.4341033869364652,-0.031481907816274156,0.2947240397959175,0.14486380380545366,0.5778069528332889,0.5778751131447272,0.578410700757246,-0.11654974045901116,0.08426873580553085,0.17421710869588505,-0.2239170765140577,-0.21252287955486812,0.2695852543641009,0.2096402613341315,-0.21070948593488936,0.17630298345197917,0.6716146106937287,1.0,0.49441770177014854,0.25417347492230713,-0.38343342648918527,-0.04502995057760475,-0.402492806497433,-0.16073761382866297,-0.564009475643168,0.2830669068734549,-0.031334686926449536,0.4064075496740881,0.23411607603846646,-0.012074955876163185
district_area_sqkm,-0.3864253164193458,-0.090927388682274,0.19450296717453341,0.018739022839638353,0.25103465436269007,-0.0811189631788133,-0.23322098896901977,0.2843973024981388,0.1564993010129926,-0.11771374013141943,0.15707569051280004,0.10483765556178791,0.17008978375675915,0.22765706155254517,0.3350335952636176,0.33592240249933447,0.33573479866492095,-0.3627509339033711,-0.03224127850460403,0.22501965264842091,-0.1291000780231224,0.08094488498650254,-0.18019614136242187,0.2638291916882726,-0.1616697863699671,0.06904923437149324,-0.126348265904138,0.49441770177014854,1.0,-0.22180679989825847,-0.0731717367999817,0.19450296717453328,-0.09697990339063031,-0.1719021620184557,-0.3285960102307054,-0.160404662016008,0.06189159281573908,0.11976208739818626,0.04507392428963809,0.20730641439660455
population_density_per_sqkm,0.029750019537063868,-0.09153444552220603,0.054573592263825195,0.07148393594763693,-0.0320315219191575,-0.14076130732095454,-0.0743224342425113,0.053851412082550384,-0.07554344167871514,-0.08737295483675026,-0.07884611892395829,0.1690041022588857,-0.03600079591478112,0.03150731999650723,-0.17795351817930866,-0.17818842695163967,-0.17820928582421106,-0.07371319545268859,-0.07237057651680845,-0.09367826801878656,-0.12109395030025905,-0.2845298932526448,0.7783575144873527,-0.022827328834708137,-0.09803026981000247,-0.0225825101976408,0.20581545744251822,0.25417347492230713,-0.22180679989825847,1.0,0.06648686930558763,0.05457359226382484,0.0684770001256234,0.039752855657607514,0.21912450023873078,0.7724969268370792,-0.041911689179363006,-0.11750994076929377,-0.11530203901549217,0.0788891081301878
solar_variability,0.2780537694171412,-0.6963380579605846,0.5948523667459066,0.9514882563280135,-0.6904081355011713,0.002718807809592076,0.23960429664064323,-0.0653148439179497,-0.8655356844680683,-0.5348238412148025,-0.9146183202180787,0.5059037769379099,-0.14906878006944305,-0.16564802467577877,-0.5881927475517432,-0.5875492089310078,-0.5877894566637824,-0.3033811586234282,-0.11002328981543535,0.09523147823918526,0.2128113751501912,-0.05069913392165063,0.05485646534215612,0.040990032340243676,0.051187288371796424,-0.2111272349475841,-0.27883336038777673,-0.38343342648918527,-0.0731717367999817,0.06648686930558763,1.0,0.594852366745907,0.9966769084779453,0.053951843033014285,0.6020572612427663,0.057480804431795325,0.15469359640893152,-0.8244833014367633,-0.7686736019658985,0.5946144308307582
peak_sun_hours,-0.5330179327001792,-0.9036144385230208,0.9999999999999997,0.8124130787448457,0.16778442323024076,0.09363959423270393,-0.11394848204237151,0.4813261159180961,-0.5996077266927583,-0.9263536670974829,-0.4891605766367025,0.42699035168694327,-0.2506451178160451,-0.061910426912599216,-0.2184502093900192,-0.2179306023156412,-0.2178569571868228,-0.7369099329178999,-0.48570257076939066,0.5075258344156962,-0.24718662374246173,0.29232777661022774,0.004583380565886484,0.27086327800532967,-0.051914966865759644,-0.17074504129991255,-0.017082663953570606,-0.04502995057760475,0.19450296717453328,0.05457359226382484,0.594852366745907,1.0,0.5354352748998569,0.25363222206444486,0.2518009355976589,0.023871513471122163,0.4696350621854252,-0.5290970684877128,-0.6677429672754647,0.9859864435263633
solar_efficiency_index,0.34453725749310693,-0.6511256511867042,0.5354352748998562,0.9270983783245663,-0.7387001462718465,-0.005973948755970444,0.2596532811398227,-0.11341145744498159,-0.8583537894652695,-0.47954583080524626,-0.9209102225898892,0.5019060451402694,-0.12614177605309015,-0.17099519403255004,-0.6101750062331838,-0.6095362629336113,-0.6098054281939059,-0.25642808220715135,-0.06487330325377615,0.04922330498561806,0.24842376949322442,-0.08503744728101481,0.05838615704493619,0.01588672644738362,0.05997020153434742,-0.2090553707833968,-0.29879935325848345,-0.402492806497433,-0.09697990339063031,0.0684770001256234,0.9966769084779453,0.5354352748998569,1.0,0.02650160107167665,0.6222491448007207,0.05920138784082185,0.11916389806411681,-0.8216411364062204,-0.75223339564697,0.5364951468918162
terrain_flatness_score,-0.20363727670187043,-0.28084972384460694,0.2536322220644448,0.13170694691658485,0.1650298525961911,0.40818610845983355,-0.00828307809623618,0.2895075722941273,-0.07336839393923728,-0.3014700222516486,-0.09857646873934726,-0.24453707859510143,-0.7339917805662777,-0.07774674616191869,-0.24958463060474054,-0.2500146142008838,-0.2493719233661128,0.006940162370900882,-0.5117347227587054,-0.1961900510231958,-0.31755016072308967,0.5531385616622466,0.10562137736739195,0.22061021100459793,0.14486199576292588,0.07928484914584882,-0.06999807852955768,-0.16073761382866297,-0.1719021620184557,0.039752855657607514,0.053951843033014285,0.25363222206444486,0.02650160107167665,1.0,0.23685659030961304,0.12077689567327897,0.20823618367841326,0.08976773416287842,-0.08059202283860088,0.18614796477825282
infrastructure_accessibility_index,0.46442452275165613,-0.48784987864342483,0.25180093559765865,0.5354041959879693,-0.5002244097381127,0.2084203434262526,0.3815540254609463,-0.22730989785429936,-0.676743076970963,-0.3822611009278509,-0.7651869753863836,0.2746183736609494,-0.24915561244316123,-0.16221971762447726,-0.992649428828657,-0.9926924117489931,-0.9926545899045451,0.07410979743786991,-0.176269021906813,-0.2716104510150591,0.12217719183203668,0.08882197259905161,0.2263142724361529,-0.29584336284644663,0.2686478558927417,-0.053159253432761365,-0.4417573699216237,-0.564009475643168,-0.3285960102307054,0.21912450023873078,0.6020572612427663,0.2518009355976589,0.6222491448007207,0.23685659030961304,1.0,0.2039893176509841,0.06408446228779958,-0.565405234082691,-0.4971658119833251,0.2173620967322387
wasteland_builtup_pct,0.041972815816466204,-0.11929473658023622,0.023871513471122256,0.05063741256369739,-0.03495205889290089,-0.01603525617442217,0.06593180796721891,0.014157453077765295,-0.11330351130283661,-0.1197717084845763,-0.11595597646879957,0.06638182349849776,-0.10429691133001529,-0.034136689480261447,-0.1850080213598342,-0.18538361940563985,-0.18526657647134837,0.03259751360027489,-0.14402117000192213,-0.16629954157059082,-0.10608972579887575,-0.32982893483396086,0.9974589903567791,0.11171529553436287,-0.04236019991761524,0.007499591310507546,0.29517591141503446,0.2830669068734549,-0.160404662016008,0.7724969268370792,0.057480804431795325,0.023871513471122163,0.05920138784082185,0.12077689567327897,0.2039893176509841,1.0,-0.09659380062526553,-0.10780323877561071,-0.07646766028993679,0.027695081037352236
forest_proximity_km,-0.36572166694731806,-0.4284992888824488,0.4696350621854253,0.2952790904299581,0.2277956013102096,0.006990914926256287,-0.243374642578537,0.45378896333574215,-0.17008646578829456,-0.516087443288071,-0.1622432520559479,0.24825572915034264,-0.1676421030716923,0.027943433502990746,-0.03829013758141236,-0.03853950472281011,-0.03825468157114153,-0.41561963491129633,-0.5628056486356853,0.10687353956715523,-0.1508551205049341,0.5552149338206818,-0.10120475508663968,0.05694900588134695,-0.10957545653150341,-0.0818966785178032,0.020898515817573966,-0.031334686926449536,0.06189159281573908,-0.041911689179363006,0.15469359640893152,0.4696350621854252,0.11916389806411681,0.20823618367841326,0.06408446228779958,-0.09659380062526553,1.0,-0.15157052863254286,-0.29212397400414497,0.46911097699344595
climate_stress_index,-0.268201017797988,0.6817016022477185,-0.5290970684877124,-0.8013118873656241,0.5249005734017708,0.3086209507505768,-0.1931447553314638,0.1592942531916381,0.9286274891904668,0.5130101939888122,0.7395156471827626,-0.6750282819733169,0.0876822459515944,-0.02288436295354717,0.524761329287691,0.5240920660406435,0.5245866676290875,0.4256124269411682,0.20205684274462177,-0.16611696651894078,-0.3550723042283903,0.0751318484656875,-0.10699068286552382,-0.019556363967039154,-0.02744034739033521,0.32892754598858964,0.3265450819725645,0.4064075496740881,0.11976208739818626,-0.11750994076929377,-0.8244833014367633,-0.5290970684877128,-0.8216411364062204,0.08976773416287842,-0.565405234082691,-0.10780323877561071,-0.15157052863254286,1.0,0.8525799419270872,-0.5807803159157219
humidity_temp_interaction,-0.08830743032805256,0.7648190672232217,-0.6677429672754647,-0.8165468695462734,0.3192541868496568,0.13328170980232518,0.2015502750005328,-0.3158646997848676,0.8497693158420573,0.6488398436535466,0.7054780573120427,-0.6046323997733988,0.192403002925799,-0.03428418264339336,0.4484006028502811,0.4480714903597884,0.4479252380700169,0.4811630878716286,0.3262153121871075,-0.24646154324270275,-0.19451009838806577,-0.07050578809677217,-0.06713979509355762,-0.13594303394619256,-0.051869146314698786,0.2253312745121182,0.20503095103327754,0.23411607603846646,0.04507392428963809,-0.11530203901549217,-0.7686736019658985,-0.6677429672754647,-0.75223339564697,-0.08059202283860088,-0.4971658119833251,-0.07646766028993679,-0.29212397400414497,0.8525799419270872,1.0,-0.6912434596420933
cuf,-0.5384823409022681,-0.8801226410428339,0.9859864435263636,0.8079260032525358,0.15359090867653558,-0.07358087337536239,-0.18155376618128952,0.46519512189003803,-0.5888818831081963,-0.8906223162821715,-0.44896953019185076,0.5314645423263245,-0.20520389999716862,-0.010774662639122497,-0.17119573209212074,-0.17070123118356217,-0.17065367358880085,-0.8004498176231951,-0.477647880309423,0.5305804484195088,-0.19299472428979356,0.2579634303935747,0.008493359481856031,0.26994959038829897,-0.09832614189585227,-0.1950316570455247,-0.019717382504126607,-0.012074955876163185,0.20730641439660455,0.0788891081301878,0.5946144308307582,0.9859864435263633,0.5364951468918162,0.18614796477825282,0.2173620967322387,0.027695081037352236,0.46911097699344595,-0.5807803159157219,-0.6912434596420933,1.0
