feature,outliers,lower,upper
population_density_per_sqkm,22,302.0,318.0
terrain_flatness_score,11,0.16922429445222792,0.4162647760794724
wetland_pct,9,0.0,0.0
slope_deg,8,0.9949999999999999,3.915
builtup_pct,8,-3.941250000000001,8.048750000000002
water_pct,7,-1.7424999999999997,2.9574999999999996
forest_proximity_km,6,-16.4693862333027,36.77238804250263
wasteland_pct,6,-0.9687499999999998,1.7212499999999997
wasteland_builtup_pct,6,-5.231250000000002,11.318750000000001
grassland_pct,5,-13.110000000000003,27.570000000000004
shrubland_pct,4,-16.390000000000004,28.050000000000004
tree_cover_pct,4,-28.918749999999996,61.53124999999999
longitude,3,75.4684375,83.4129375
avg_temp_c,2,24.9175,29.1975
avg_ghi_kwh_m2_day,2,4.8690125,5.6525125
peak_sun_hours,2,1.947605,2.261005
elevation_m,1,-370.0,892.0
max_temp_c,1,40.352500000000006,51.9525
latitude,1,13.542900000000001,20.8557
census_pop_2024_projected,1,-1896351.0,5629313.0
avg_dhi_kwh_m2_day,0,2.1095125,2.4612124999999994
avg_dni_kwh_m2_day,0,2.7229375,4.634437500000001
avg_wind_speed_m_s,0,2.23,4.890000000000001
cropland_pct,0,-29.00625,139.64375
dist_nearest_transmission_line_km,0,0.7425000000000015,11.042499999999999
dist_nearest_substation_km,0,1.1337499999999983,16.543750000000003
aod_2023,0,0.2613249999999999,0.848925
avg_cloud_cover_pct,0,38.49499999999999,64.455
annual_rainfall_mm,0,1.0399999999999996,4.16
aspect_deg,0,64.24999999999997,249.45000000000002
dist_nearest_road_km,0,0.92875,13.79875
avg_humidity_pct,0,45.136250000000004,83.38625
solar_variability,0,0.9734480675239449,2.2324016416035244
census_pop_2011,0,-3454823.5,8582316.5
district_area_sqkm,0,-8214.5,22361.5
infrastructure_accessibility_index,0,0.03126884112583993,0.23060996975102432
solar_efficiency_index,0,0.5551738352515458,0.8438357286988005
climate_stress_index,0,1.169161837499999,2.2590785375000006
humidity_temp_interaction,0,1.9662106125000007,3.8955189124999996
