,skewness,kurtosis
latitude,-0.720784860756499,0.0656225548964482
longitude,0.9728766592941018,0.2729215404808589
avg_ghi_kwh_m2_day,-0.2339131318220636,-0.13543654621909118
avg_dni_kwh_m2_day,-0.47650449883143803,-0.9469517080067429
avg_dhi_kwh_m2_day,0.3038355529221296,-0.35319374949630333
avg_temp_c,-1.2891507996352733,2.3517373450767365
max_temp_c,-0.9480927081272686,1.0465131752138608
avg_wind_speed_m_s,0.2953651200409154,-0.47552192081756006
avg_humidity_pct,0.49405659789130435,-0.9643718452365664
annual_rainfall_mm,0.739209695283323,-0.22191668609166149
avg_cloud_cover_pct,0.5343191588290997,-1.0927075922304565
elevation_m,0.696211332744947,0.4365733271614225
slope_deg,6.16595828829197,43.24759729933041
aspect_deg,0.1868018413508674,0.015531530681820893
dist_nearest_road_km,0.3212154325956933,-1.6065959431947607
dist_nearest_transmission_line_km,0.32103597143816864,-1.607007076619608
dist_nearest_substation_km,0.3212763116911257,-1.6069041538995814
aod_2023,-0.4126380870930608,-0.4303475145406601
tree_cover_pct,1.6913840875212478,2.716838732223976
shrubland_pct,1.7799155124810169,2.3558944427504582
grassland_pct,1.5965698614561619,2.166492946990292
cropland_pct,-0.48053368180909056,-0.8659184964929909
builtup_pct,4.243002547449244,20.244716870766236
wasteland_pct,3.951275380194715,15.778839461033721
water_pct,2.055516653256863,3.754397908965338
wetland_pct,6.421928093175509,43.87165893109453
census_pop_2011,0.0033374946460450203,-1.629819825836844
census_pop_2024_projected,1.0882796532916177,-0.021361415412529894
district_area_sqkm,0.7790893746772987,-0.4835483378650176
population_density_per_sqkm,7.724386422300307,59.77343646815269
solar_variability,-0.4330400922299487,-1.2615180917249962
peak_sun_hours,-0.23391313182206766,-0.13543654621908718
solar_efficiency_index,-0.4514121997150963,-1.2547343101152757
terrain_flatness_score,-0.6245243568591561,1.3090728866847834
infrastructure_accessibility_index,-0.11735175494343464,-1.6854427331477422
wasteland_builtup_pct,4.132963085361558,19.44523798020525
forest_proximity_km,1.913640514803805,3.4171316125379367
climate_stress_index,0.6111160327907966,-0.6920640296823266
humidity_temp_interaction,0.3694440055931642,-1.0859229056559268
cuf,0.06826453843837232,-0.3208462240593293
