,count,mean,std,min,25%,50%,75%,max
latitude,60.0,17.07387333333333,1.470703547870037,13.2029,16.2852,17.2215,18.1134,19.5449
longitude,60.0,79.676655,1.672162208945479,77.4488,78.447625,79.32815,80.43375,84.1758
avg_ghi_kwh_m2_day,60.0,5.270613333333333,0.184784280521054,4.8958,5.162825,5.3164,5.3587,5.6566
avg_dni_kwh_m2_day,60.0,3.707855,0.2974715280065913,3.1469,3.43975,3.8179,3.917625,4.2067
avg_dhi_kwh_m2_day,60.0,2.2878316666666674,0.07434015611185159,2.147,2.2414,2.2868,2.329325,2.4516
avg_temp_c,60.0,26.990666666666666,0.8781024739757083,23.77,26.5225,27.215,27.5925,28.33
max_temp_c,60.0,45.794999999999995,2.1038451480039257,38.83,44.7025,45.89,47.6025,48.4
avg_wind_speed_m_s,60.0,3.604833333333333,0.4899134882698174,2.56,3.2275,3.52,3.8925,4.79
avg_humidity_pct,60.0,64.06433333333334,6.314030211689227,54.73,59.480000000000004,62.135000000000005,69.0425,76.39
annual_rainfall_mm,60.0,2.587,0.5402237452345595,1.69,2.21,2.425,2.99,3.88
avg_cloud_cover_pct,60.0,51.2135,3.4325109774288407,46.3,48.23,49.94,54.72,58.25
elevation_m,60.0,270.26666666666665,200.87384241103106,4.0,103.25,223.0,418.75,939.0
slope_deg,60.0,2.8089999999999997,2.5267113348167665,1.33,2.09,2.15,2.82,20.62
aspect_deg,60.0,151.39833333333337,32.37430185971513,82.5,133.7,152.2,180.0,226.6
dist_nearest_road_km,60.0,7.318,1.7660228226638213,5.08,5.755,6.385,8.9725,10.28
dist_nearest_transmission_line_km,60.0,5.854333333333333,1.4135438895498136,4.06,4.605,5.11,7.18,8.22
dist_nearest_substation_km,60.0,8.781333333333333,2.11996119781141,6.09,6.9125,7.665,10.765,12.34
aod_2023,60.0,0.5500583333333334,0.10814293004727141,0.2699,0.48167499999999996,0.57145,0.628575,0.7371
tree_cover_pct,60.0,20.966333333333335,22.90617080404219,0.53,5.0,12.625,27.612499999999997,97.05
shrubland_pct,60.0,7.556499999999999,11.838635804511616,0.0,0.27499999999999997,1.105,11.385000000000002,44.67
grassland_pct,60.0,9.640000000000002,10.475514145385393,0.0,2.145,5.470000000000001,12.315000000000001,43.32
cropland_pct,60.0,54.00916666666667,27.710852997878945,0.05,34.237500000000004,59.144999999999996,76.4,97.85
builtup_pct,60.0,5.899333333333334,14.430302963410686,0.0,0.5549999999999999,1.48,3.5525,89.01
wasteland_pct,60.0,0.8268333333333333,1.9992350161292982,0.0,0.04,0.195,0.7124999999999999,10.73
water_pct,60.0,1.0418333333333334,1.5869109655016496,0.0,0.02,0.33499999999999996,1.1949999999999998,6.63
wetland_pct,60.0,0.05933333333333334,0.2981176349929425,0.0,0.0,0.0,0.0,2.16
census_pop_2011,23.0,2711819.6086956523,1542136.8849281752,708952.0,1059104.0,2884524.0,4068389.0,5138296.0
census_pop_2024_projected,60.0,2026151.8833333333,1498038.5916399867,338208.0,925773.0,1238172.0,2807189.0,5847860.0
district_area_sqkm,60.0,7304.033333333334,5117.216993794764,217.0,3251.5,6138.5,10895.5,19130.0
population_density_per_sqkm,60.0,636.0266666666668,2634.07599499567,50.1,308.0,312.0,312.0,20681.4
solar_variability,60.0,1.6171847519626041,0.15940521779477884,1.346723397155133,1.4455556578037871,1.6820424707022648,1.760294051323682,1.842821438489309
peak_sun_hours,60.0,2.1082453333333335,0.07391371220842159,1.9583200000000005,2.06513,2.12656,2.14348,2.26264
solar_efficiency_index,60.0,0.7013860584737757,0.03901022163791385,0.6345447041018889,0.6634220452942663,0.7167073399662098,0.73558751865608,0.7585155833269831
terrain_flatness_score,60.0,0.2984913302960957,0.07561980769738634,0.0462534690101757,0.2618644750624446,0.3174603174603174,0.3236245954692557,0.4291845493562232
infrastructure_accessibility_index,60.0,0.13236508361743649,0.02664079834880043,0.0938374445951898,0.10602176436028407,0.1427116883923202,0.15585704651658017,0.1730496017942804
wasteland_builtup_pct,60.0,6.726166666666667,14.48314556287688,0.0,0.975,2.165,5.112500000000001,89.39
forest_proximity_km,60.0,13.754879274485436,15.577565595945885,1.0198878123406423,3.4962791201242998,7.375685194387875,16.80672268907563,65.359477124183
climate_stress_index,60.0,1.7294486900000003,0.1837895024502038,1.47771,1.5778805999999996,1.6760757000000002,1.850359775,2.1298002
humidity_temp_interaction,60.0,2.929400496666667,0.2737290742133345,2.5458960000000004,2.6897012250000003,2.88298,3.1720283,3.517187100000001
cuf,60.0,0.1490166666666667,0.0053060300415904045,0.1391,0.1449,0.14945,0.15225,0.1616
