district,state,latitude,longitude,tree_cover_pct,shrubland_pct,grassland_pct,cropland_pct,builtup_pct,wasteland_pct,water_pct,wetland_pct
Khammam,Telangana,17.1729,80.3639,16.75,0.3,2.81,73.28,6.01,0.04,0.0,0.81
Adilabad,Telangana,19.5449,78.5683,30.43,0.66,9.18,58.83,0.47,0.04,0.41,0.0
Karimnagar,Telangana,18.4076,79.2649,3.18,0.1,4.88,88.64,2.55,0.22,0.41,0.0
Hanumakonda,Telangana,18.0327,79.5414,24.81,0.58,11.36,23.21,36.63,0.65,2.75,0.0
Medak,Telangana,17.9375,78.1919,21.06,24.27,16.77,36.4,0.89,0.29,0.32,0.0
Nizamabad,Telangana,18.7249,78.1848,47.93,11.21,14.78,21.33,2.11,0.15,2.5,0.0
Ranga Reddy,Telangana,17.1334,78.3829,1.55,0.29,12.76,81.77,3.34,0.22,0.04,0.0
Nalgonda,Telangana,16.858,79.1586,5.69,0.42,12.08,75.35,0.01,0.34,6.12,0.0
Mahabubnagar,Telangana,16.6964,78.0232,2.4,11.91,9.98,70.25,4.37,0.74,0.35,0.0
Hyderabad,Telangana,17.3887,78.4692,9.28,0.02,0.83,0.43,89.01,0.38,0.02,0.0
Sangareddy,Telangana,17.8684,77.9469,3.68,0.13,18.4,75.62,2.12,0.04,0.0,0.0
Medchal–Malkajgiri,Telangana,17.535,78.554,19.57,18.25,29.94,14.77,16.67,0.81,0.0,0.0
Siddipet,Telangana,18.0058,78.8981,3.78,0.31,23.3,64.71,4.81,1.07,2.02,0.0
Jogulamba Gadwal,Telangana,16.0999,77.87,3.75,3.14,0.74,89.68,2.65,0.02,0.01,0.0
Warangal,Telangana,17.8676,79.7604,13.83,0.56,3.23,81.08,1.02,0.03,0.23,0.0
Jangaon,Telangana,17.7467,79.2038,5.34,1.12,10.0,80.74,1.67,0.1,1.02,0.0
Vikarabad,Telangana,17.2701,77.7175,24.31,41.16,6.22,27.75,0.19,0.3,0.05,0.0
Mancherial,Telangana,18.9805,79.4198,44.87,3.68,30.45,15.87,4.24,0.01,0.9,0.0
Kumuram Bheem Asifabad,Telangana,19.3339,79.3899,6.25,0.01,5.99,84.16,0.95,0.86,1.8,0.0
Nirmal,Telangana,19.0915,78.3565,6.64,0.4,22.98,31.9,33.89,1.95,1.92,0.34
Peddapalli,Telangana,18.6207,79.4724,11.67,6.87,43.32,34.7,0.02,0.09,3.32,0.0
Jagtial,Telangana,18.8214,78.9083,13.58,1.1,5.02,67.52,8.24,0.14,4.4,0.0
Rajanna Sircilla,Telangana,18.4526,78.7738,5.45,2.68,14.65,74.9,1.45,0.26,0.6,0.0
Bhadradri Kothagudem,Telangana,17.7157,80.7624,51.03,1.11,10.13,37.45,0.26,0.02,0.0,0.0
Jayashankar Bhupalapally,Telangana,18.5129,79.9525,79.37,7.47,12.36,0.74,0.0,0.04,0.03,0.0
Mahabubabad,Telangana,17.7139,79.9179,19.69,2.22,2.91,69.39,1.96,0.21,3.59,0.02
Suryapet,Telangana,17.0803,79.7168,4.1,1.04,5.82,84.89,2.0,0.18,1.96,0.0
Nagarkurnool,Telangana,16.4157,78.6675,0.69,1.52,10.02,85.2,1.42,0.32,0.82,0.0
Yadadri Bhuvanagiri,Telangana,17.4282,79.0703,5.3,0.7,4.7,84.21,0.62,0.09,4.38,0.0
Wanaparthy,Telangana,16.2849,77.9853,1.87,12.8,5.12,78.74,0.7,0.77,0.0,0.0
Kamareddy,Telangana,18.3165,78.0441,10.54,7.69,27.29,52.54,0.78,0.02,1.14,0.0
Mulugu,Telangana,18.3146,80.3025,97.05,0.33,2.56,0.05,0.0,0.0,0.0,0.0
Narayanpet,Telangana,16.7005,77.5175,1.14,0.79,1.5,95.12,1.04,0.01,0.41,0.0
Srikakulam,Andhra Pradesh,18.6224,84.1758,51.69,0.0,10.89,35.72,0.48,0.96,0.23,0.0
Vizianagaram,Andhra Pradesh,18.276,83.4212,14.97,0.01,11.8,70.92,1.3,0.72,0.31,0.0
Visakhapatnam,Andhra Pradesh,17.8055,83.3174,95.17,0.0,3.24,0.5,0.88,0.02,0.22,0.0
East Godavari,Andhra Pradesh,16.9961,81.6851,33.54,0.0,0.85,56.44,8.66,0.01,0.52,0.01
West Godavari,Andhra Pradesh,16.643,81.5933,14.84,0.59,0.76,71.46,2.47,1.1,6.63,2.16
Krishna,Andhra Pradesh,16.238,81.1033,10.13,0.23,0.26,86.99,2.18,0.0,0.08,0.11
Guntur,Andhra Pradesh,16.2853,80.4635,11.58,1.9,0.6,32.85,52.58,0.47,0.02,0.0
Kurnool,Andhra Pradesh,15.548,77.6239,0.53,27.73,9.8,60.42,0.58,0.71,0.2,0.0
Prakasam,Andhra Pradesh,15.5642,79.7929,28.58,6.23,2.36,53.85,6.11,1.41,1.47,0.0
YSR Kadapa,Andhra Pradesh,14.5397,78.6254,7.15,2.77,0.86,79.58,2.31,7.09,0.26,0.0
Sri Potti Sriramulu Nellore,Andhra Pradesh,14.5575,79.638,17.8,12.97,0.89,53.53,0.26,9.21,5.31,0.0
Anantapuram,Andhra Pradesh,14.7241,77.4488,3.14,24.89,3.32,65.06,2.24,0.53,0.82,0.0
Chittoor,Andhra Pradesh,13.2029,78.9971,27.29,26.85,0.7,40.69,4.19,0.16,0.13,0.0
Tirupati,Andhra Pradesh,13.8893,79.6242,6.91,24.1,8.54,59.46,0.74,0.26,0.0,0.0
Annamayya,Andhra Pradesh,13.7884,78.5572,7.94,29.01,3.1,56.37,1.25,2.34,0.0,0.0
Sri Sathya Sai,Andhra Pradesh,14.1682,77.6776,1.67,24.13,4.94,66.69,0.02,2.55,0.0,0.0
Bapatla,Andhra Pradesh,15.9342,80.4525,0.55,0.54,0.01,97.85,0.04,0.08,0.88,0.06
Parvathipuram Manyam,Andhra Pradesh,18.7515,83.4618,21.48,0.0,21.46,54.14,1.79,0.09,1.05,0.0
Eluru,Andhra Pradesh,17.0144,81.183,48.22,0.05,5.06,40.19,4.9,0.22,1.36,0.0
Alluri Sitharama Raju,Andhra Pradesh,18.0592,82.5638,42.69,0.0,40.43,16.42,0.46,0.0,0.0,0.0
Dr. B. R. Ambedkar Konaseema,Andhra Pradesh,16.6289,82.0327,53.2,0.03,0.0,45.75,0.83,0.0,0.16,0.03
Kakinada,Andhra Pradesh,17.1205,82.2533,24.97,0.0,4.85,47.56,22.44,0.14,0.02,0.02
Anakapalli,Andhra Pradesh,17.6715,82.7463,64.98,0.0,12.3,21.49,0.45,0.17,0.59,0.0
Nandyal,Andhra Pradesh,15.525,78.2918,6.05,44.67,37.04,1.38,0.08,10.73,0.04,0.0
NTR,Andhra Pradesh,16.817,80.4275,24.18,3.94,0.71,67.32,3.1,0.05,0.69,0.0
Palnadu,Andhra Pradesh,16.3232,79.8182,39.72,43.43,0.27,16.55,0.02,0.03,0.0,0.0
Markapuram,Andhra Pradesh,15.6641,79.2664,2.43,14.48,1.28,80.15,1.51,0.15,0.0,0.0
