mandal,district_gadm,district_new,state,latitude,longitude
anantapur,Anantapur,Anantapuram,Andhra Pradesh,14.7077,77.5776
dharmavaram,Anantapur,Sri Sathya Sai,Andhra Pradesh,14.3969,77.6305
gooty,Anantapur,Anantapuram,Andhra Pradesh,15.0285,77.4381
hindupur,Anantapur,Sri Sathya Sai,Andhra Pradesh,13.8802,77.6428
kadiri,Anantapur,Sri Sathya Sai,Andhra Pradesh,14.1102,78.1462
kalyandurg,Anantapur,Anantapuram,Andhra Pradesh,14.484,77.1182
madakasira,Anantapur,Sri Sathya Sai,Andhra Pradesh,13.9353,77.1298
penukonda,Anantapur,Sri Sathya Sai,Andhra Pradesh,14.1248,77.6807
rayadurg,Anantapur,Anantapuram,Andhra Pradesh,14.8087,76.9728
tadpatri,Anantapur,Anantapuram,Andhra Pradesh,14.8529,77.9499
chandragiri,Chittoor,Tirupati,Andhra Pradesh,13.5867,79.2591
chittoor,Chittoor,Chittoor,Andhra Pradesh,13.2265,79.0419
kuppam,Chittoor,Chittoor,Andhra Pradesh,12.7563,78.3795
madanapalle,Chittoor,Annamayya,Andhra Pradesh,13.6989,78.41
palmaner,Chittoor,Chittoor,Andhra Pradesh,13.0324,78.6073
punganuru,Chittoor,Annamayya,Andhra Pradesh,13.3944,78.6931
puttur,Chittoor,Tirupati,Andhra Pradesh,13.3846,79.4344
satyavedu,Chittoor,Tirupati,Andhra Pradesh,13.4383,79.837
srikalahasti,Chittoor,Tirupati,Andhra Pradesh,13.702,79.6824
vayalipad,Chittoor,Annamayya,Andhra Pradesh,13.7335,78.873
addatigala,EastGodavari,Polavaram,Andhra Pradesh,17.5855,82.0063
amalapuram,EastGodavari,Dr. B. R. Ambedkar Konaseema,Andhra Pradesh,16.5557,82.0156
kakinada,EastGodavari,Kakinada,Andhra Pradesh,16.8893,82.1946
kottapeta,EastGodavari,Dr. B. R. Ambedkar Konaseema,Andhra Pradesh,16.7427,81.8288
mummidivaram,EastGodavari,Dr. B. R. Ambedkar Konaseema,Andhra Pradesh,16.6145,82.1709
peddapuram,EastGodavari,Kakinada,Andhra Pradesh,17.1278,82.0454
pithapuram,EastGodavari,Kakinada,Andhra Pradesh,17.1416,82.2872
prathipadu,EastGodavari,Kakinada,Andhra Pradesh,17.3397,82.2678
rajahmundry,EastGodavari,East Godavari,Andhra Pradesh,17.1012,81.8235
ramachandrapuram,EastGodavari,Dr. B. R. Ambedkar Konaseema,Andhra Pradesh,16.8187,81.9747
rampachodavaram,EastGodavari,Polavaram,Andhra Pradesh,17.5186,81.7068
razole,EastGodavari,Dr. B. R. Ambedkar Konaseema,Andhra Pradesh,16.4404,81.842
tuni,EastGodavari,Kakinada,Andhra Pradesh,17.339,82.4705
bapatla,Guntur,Bapatla,Andhra Pradesh,15.997,80.4695
guntur,Guntur,Guntur,Andhra Pradesh,16.3541,80.4401
guruzala,Guntur,Palnadu,Andhra Pradesh,16.475,79.5656
narasaraopet,Guntur,Palnadu,Andhra Pradesh,16.2056,80.0581
repalle,Guntur,Bapatla,Andhra Pradesh,15.9699,80.7641
sattenapalle,Guntur,Palnadu,Andhra Pradesh,16.493,80.1176
tenali,Guntur,Guntur,Andhra Pradesh,16.2149,80.6679
vinukonda,Guntur,Palnadu,Andhra Pradesh,16.1188,79.7143
avanigadda,Krishna,Krishna,Andhra Pradesh,15.9962,80.954
gannavaram,Krishna,Krishna,Andhra Pradesh,16.5204,80.8168
gudivada,Krishna,Krishna,Andhra Pradesh,16.3819,80.9768
jaggayyapeta,Krishna,NTR,Andhra Pradesh,16.9227,80.1315
kaikalur,Krishna,Eluru,Andhra Pradesh,16.4982,81.2183
machilipatnam,Krishna,Krishna,Andhra Pradesh,16.2379,81.1902
nandigama,Krishna,NTR,Andhra Pradesh,16.7573,80.2908
nuzvid,Krishna,Eluru,Andhra Pradesh,16.7485,80.8612
tiruvuru,Krishna,NTR,Andhra Pradesh,16.9827,80.6733
vijayawada,Krishna,NTR,Andhra Pradesh,16.6378,80.625
adoni,Kurnool,Kurnool,Andhra Pradesh,15.7763,77.3027
allagadda,Kurnool,Nandyal,Andhra Pradesh,15.1876,78.594
alur,Kurnool,Kurnool,Andhra Pradesh,15.3913,77.2187
atmakur,Kurnool,Nandyal,Andhra Pradesh,15.8804,78.6491
banganapalli,Kurnool,Nandyal,Andhra Pradesh,15.2977,78.1683
dhone,Kurnool,Nandyal,Andhra Pradesh,15.4016,77.8929
koilkuntla,Kurnool,Nandyal,Andhra Pradesh,15.1222,78.2371
kurnool,Kurnool,Kurnool,Andhra Pradesh,15.7367,77.9416
nandikotkur,Kurnool,Nandyal,Andhra Pradesh,15.863,78.3306
nandyal,Kurnool,Nandyal,Andhra Pradesh,15.5339,78.4914
pattikonda,Kurnool,Kurnool,Andhra Pradesh,15.4766,77.5491
atmakur,Nellore,Sri Potti Sri Ramulu Nellore,Andhra Pradesh,14.5919,79.5487
gudur,Nellore,Sri Potti Sri Ramulu Nellore,Andhra Pradesh,14.0719,79.9606
kavali,Nellore,Sri Potti Sri Ramulu Nellore,Andhra Pradesh,14.8614,79.8456
kovvur,Nellore,Sri Potti Sri Ramulu Nellore,Andhra Pradesh,14.5997,79.9704
nellore,Nellore,Sri Potti Sri Ramulu Nellore,Andhra Pradesh,14.3515,79.988
rapur,Nellore,Sri Potti Sri Ramulu Nellore,Andhra Pradesh,14.3041,79.5954
suluru,Nellore,Tirupati,Andhra Pradesh,13.789,79.9729
udayagiri,Nellore,Sri Potti Sri Ramulu Nellore,Andhra Pradesh,14.8722,79.3273
venkatagiri,Nellore,Tirupati,Andhra Pradesh,13.9978,79.6243
addanki,Prakasam,Prakasam,Andhra Pradesh,15.8869,80.0285
chirala,Prakasam,Bapatla,Andhra Pradesh,15.846,80.2731
darsi,Prakasam,Prakasam,Andhra Pradesh,15.7995,79.6577
giddalur,Prakasam,Markapuram,Andhra Pradesh,15.4694,78.9536
kandukur,Prakasam,Prakasam,Andhra Pradesh,15.2035,79.8459
kanigiri,Prakasam,Markapuram,Andhra Pradesh,15.2728,79.3762
markapur,Prakasam,Markapuram,Andhra Pradesh,15.9908,79.1973
ongole,Prakasam,Prakasam,Andhra Pradesh,15.5197,80.0145
podili,Prakasam,Markapuram,Andhra Pradesh,15.5837,79.5057
chipurupalle,Srikakulam,,Andhra Pradesh,18.2748,83.6687
ichchapuram,Srikakulam,Srikakulam,Andhra Pradesh,19.0449,84.6685
narsannapeta,Srikakulam,Srikakulam,Andhra Pradesh,18.4393,84.0751
palakonda,Srikakulam,Parvathipuram Manyam,Andhra Pradesh,18.575,83.706
pathapatnam,Srikakulam,Srikakulam,Andhra Pradesh,18.7187,84.005
sompeta,Srikakulam,Srikakulam,Andhra Pradesh,18.8995,84.5024
srikakulam,Srikakulam,Srikakulam,Andhra Pradesh,18.3886,83.9437
tekkali,Srikakulam,Srikakulam,Andhra Pradesh,18.6391,84.2991
anakapalli,Visakhapatnam,Anakapalli,Andhra Pradesh,17.6828,83.0007
bhimunipatnam,Visakhapatnam,Visakhapatnam,Andhra Pradesh,17.9065,83.3324
chintapalle,Visakhapatnam,Alluri Sitharama Raju,Andhra Pradesh,17.8315,82.2507
chodavaram,Visakhapatnam,Anakapalli,Andhra Pradesh,17.9037,82.8713
narsipatnam,Visakhapatnam,Anakapalli,Andhra Pradesh,17.6043,82.5571
paderu,Visakhapatnam,Alluri Sitharama Raju,Andhra Pradesh,18.188,82.6305
vishakhapatnam,Visakhapatnam,Visakhapatnam,Andhra Pradesh,17.7188,83.2281
yellamanchili,Visakhapatnam,Anakapalli,Andhra Pradesh,17.4536,82.7791
bobbili,Vizianagaram,Vizianagaram,Andhra Pradesh,18.5532,83.4222
gajapatinagaram,Vizianagaram,Vizianagaram,Andhra Pradesh,18.3228,83.3082
parvathipuram,Vizianagaram,Parvathipuram Manyam,Andhra Pradesh,18.8756,83.5356
puspatirega,Vizianagaram,Vizianagaram,Andhra Pradesh,18.0379,83.4884
salur,Vizianagaram,Parvathipuram Manyam,Andhra Pradesh,18.5323,83.1783
srungavarapukota,Vizianagaram,Vizianagaram,Andhra Pradesh,18.0186,83.1594
vizianagaram,Vizianagaram,Vizianagaram,Andhra Pradesh,18.1724,83.4008
bhimavaram,WestGodavari,West Godavari,Andhra Pradesh,16.5507,81.4743
chintalapudi,WestGodavari,Eluru,Andhra Pradesh,17.0365,81.0902
eluru,WestGodavari,Eluru,Andhra Pradesh,16.7616,81.1761
kovvur,WestGodavari,East Godavari,Andhra Pradesh,17.0189,81.5776
narsapur,WestGodavari,Eluru,Andhra Pradesh,16.4782,81.6893
polavaram,WestGodavari,Eluru,Andhra Pradesh,17.2534,81.4017
tadepallegudem,WestGodavari,West Godavari,Andhra Pradesh,16.8318,81.4565
tanuku,WestGodavari,West Godavari,Andhra Pradesh,16.7075,81.676
badvel,Y.S.R.,YSR Kadapa,Andhra Pradesh,14.9172,78.9459
cuddapah,Y.S.R.,YSR Kadapa,Andhra Pradesh,14.4697,78.7337
jammalamadugu,Y.S.R.,YSR Kadapa,Andhra Pradesh,14.8336,78.3055
kamalapuram,Y.S.R.,YSR Kadapa,Andhra Pradesh,14.5714,78.5099
proddatur,Y.S.R.,YSR Kadapa,Andhra Pradesh,14.8106,78.6685
pulivendla,Y.S.R.,YSR Kadapa,Andhra Pradesh,14.475,78.2443
rajampet,Y.S.R.,YSR Kadapa,Andhra Pradesh,14.0654,79.2356
rayachoti,Y.S.R.,Annamayya,Andhra Pradesh,14.0932,78.7308
sidhout,Y.S.R.,YSR Kadapa,Andhra Pradesh,14.4671,79.0685
adilabad,Adilabad,Adilabad,Telangana,19.6887,78.556
asifabad,Adilabad,Kumuram Bheem Asifabad,Telangana,19.3287,79.2869
boath,Adilabad,Adilabad,Telangana,19.3837,78.4107
chinnur,Adilabad,Mancherial,Telangana,18.9398,79.7261
khanapur,Adilabad,Nirmal,Telangana,19.1631,78.7464
laxettipet,Adilabad,Mancherial,Telangana,19.0153,79.2657
mudhol,Adilabad,Nirmal,Telangana,19.0828,77.9412
nirmal,Adilabad,Nirmal,Telangana,19.1013,78.3086
sirpur,Adilabad,Kumuram Bheem Asifabad,Telangana,19.3562,79.7052
utnur,Adilabad,Adilabad,Telangana,19.4307,78.8323
hyderabad,Hyderabad,Hyderabad,Telangana,17.3857,78.4641
huzurabad,Karimnagar,Karimnagar,Telangana,18.2318,79.4062
jagtial,Karimnagar,Jagtial,Telangana,18.8411,78.9649
karimnagar,Karimnagar,Karimnagar,Telangana,18.3466,79.1271
manthani,Karimnagar,Peddapalli,Telangana,18.5972,79.9432
metpalli,Karimnagar,Jagtial,Telangana,18.8258,78.6911
sirsilla,Karimnagar,Rajanna Sircilla,Telangana,18.418,78.7676
sultanabad,Karimnagar,Peddapalli,Telangana,18.6399,79.3895
bhadrachalam,Khammam,Bhadradri Kothagudem,Telangana,17.7074,81.2618
borgampad,Khammam,Bhadradri Kothagudem,Telangana,17.7506,80.8619
khammam,Khammam,Khammam,Telangana,17.2128,80.1062
kottagudem,Khammam,Bhadradri Kothagudem,Telangana,17.401,80.8344
madhira,Khammam,Khammam,Telangana,17.0809,80.5455
venkatapuram,Khammam,Mulugu,Telangana,18.2927,80.6603
yellandu,Khammam,Bhadradri Kothagudem,Telangana,17.6706,80.3711
achampet,Mahbubnagar,Nagarukurnool,Telangana,16.3165,78.8029
alampur,Mahbubnagar,Jogulamba Gadwal,Telangana,15.9738,77.925
atamkur,Mahbubnagar,Wanaparthy,Telangana,16.4602,77.7471
farooqnagar,Mahbubnagar,Rangareddy,Telangana,17.0137,78.1849
gadwal,Mahbubnagar,Jogulamba Gadwal,Telangana,16.1387,77.659
kalwakurti,Mahbubnagar,Nagarukurnool,Telangana,16.7543,78.5248
kolhapur,Mahbubnagar,Nagarukurnool,Telangana,16.1561,78.2847
korangal,Mahbubnagar,,Telangana,16.9776,77.6172
mahbubnagar,Mahbubnagar,,Telangana,16.7637,77.99
makhtal,Mahbubnagar,Narayanpet,Telangana,16.584,77.535
nagarkarnul,Mahbubnagar,Nagarukurnool,Telangana,16.4904,78.2853
wanparthy,Mahbubnagar,Wanaparthy,Telangana,16.383,77.9941
gajwel,Medak,Siddipet,Telangana,17.8114,78.6413
jogipet,Medak,,Telangana,17.908,77.9994
medak,Medak,Medak,Telangana,18.0177,78.3562
narayankher,Medak,Sangareddy,Telangana,18.0962,77.725
narsapur,Medak,Medak,Telangana,17.7561,78.2668
sangareddi,Medak,Sangareddy,Telangana,17.5982,78.0475
siddipet,Medak,Siddipet,Telangana,18.0892,78.7999
zahirabad,Medak,Sangareddy,Telangana,17.7245,77.6528
bhongir,Nalgonda,Yadadri Bhuvanagiri,Telangana,17.5712,78.8931
devarkonda,Nalgonda,Nalgonda,Telangana,16.7146,78.9729
huzurnagar,Nalgonda,Suryapet,Telangana,16.8922,79.8557
mirialguda,Nalgonda,Nalgonda,Telangana,16.7983,79.4299
nalgonda,Nalgonda,Nalgonda,Telangana,17.1169,79.2071
ramannapet,Nalgonda,Yadadri Bhuvanagiri,Telangana,17.3751,79.1026
suriapet,Nalgonda,Suryapet,Telangana,17.2632,79.6337
armur,Nizamabad,Nizamabad,Telangana,18.7538,78.397
banswada,Nizamabad,Kamareddy,Telangana,18.3554,77.9014
bodhan,Nizamabad,Nizamabad,Telangana,18.6572,77.8773
kamareddy,Nizamabad,Kamareddy,Telangana,18.3062,78.3704
madnur,Nizamabad,Kamareddy,Telangana,18.3975,77.6694
nizamabad,Nizamabad,Nizamabad,Telangana,18.6581,78.1617
yellareddi,Nizamabad,Kamareddy,Telangana,18.2914,78.0858
chevella,RangaReddy,Rangareddy,Telangana,17.305,78.1567
ibrahimpatan,RangaReddy,Rangareddy,Telangana,17.1064,78.5967
medchal,RangaReddy,Medchal-Malkajgiri,Telangana,17.5834,78.5392
pargi,RangaReddy,Vikarabad,Telangana,17.0564,77.8864
tandur,RangaReddy,Vikarabad,Telangana,17.275,77.5655
vikarabad,RangaReddy,Vikarabad,Telangana,17.4106,77.8491
hanmakonda,Warangal,Hanamkonda,Telangana,17.8863,79.5355
jangaon,Warangal,Jangaon,Telangana,17.7549,79.2016
mulug,Warangal,Mulugu,Telangana,18.2558,80.2157
narsampet,Warangal,Warangal,Telangana,17.8984,80.0004
parkal,Warangal,Hanamkonda,Telangana,18.3156,79.7589
