district,state,latitude,longitude,aod_2023
Khammam,Telangana,17.1729,80.3639,599.25
Adilabad,Telangana,19.5449,78.5683,571.7273
Karimnagar,Telangana,18.4076,79.2649,653.5833
Hanumakonda,Telangana,18.0327,79.5414,653.5833
Medak,Telangana,17.9375,78.1919,483.4167
Nizamabad,Telangana,18.7249,78.1848,529.25
Ranga Reddy,Telangana,17.1334,78.3829,483.4167
Nalgonda,Telangana,16.858,79.1586,571.1667
Mahabubnagar,Telangana,16.6964,78.0232,406.0
Hyderabad,Telangana,17.3887,78.4692,483.4167
Sangareddy,Telangana,17.8684,77.9469,482.5455
Medchal–Malkajgiri,Telangana,17.535,78.554,483.4167
Siddipet,Telangana,18.0058,78.8981,526.631
Jogulamba Gadwal,Telangana,16.0999,77.87,479.1818
Warangal,Telangana,17.8676,79.7604,597.25
Jangaon,Telangana,17.7467,79.2038,597.25
Vikarabad,Telangana,17.2701,77.7175,482.5455
Mancherial,Telangana,18.9805,79.4198,653.5833
Kumuram Bheem Asifabad,Telangana,19.3339,79.3899,626.1818
Nirmal,Telangana,19.0915,78.3565,571.7273
Peddapalli,Telangana,18.6207,79.4724,653.5833
Jagtial,Telangana,18.8214,78.9083,529.25
Rajanna Sircilla,Telangana,18.4526,78.7738,529.25
Bhadradri Kothagudem,Telangana,17.7157,80.7624,599.25
Jayashankar Bhupalapally,Telangana,18.5129,79.9525,653.5833
Mahabubabad,Telangana,17.7139,79.9179,597.25
Suryapet,Telangana,17.0803,79.7168,597.25
Nagarkurnool,Telangana,16.4157,78.6675,406.0
Yadadri Bhuvanagiri,Telangana,17.4282,79.0703,597.25
Wanaparthy,Telangana,16.2849,77.9853,479.1818
Kamareddy,Telangana,18.3165,78.0441,529.25
Mulugu,Telangana,18.3146,80.3025,606.6364
Narayanpet,Telangana,16.7005,77.5175,479.1818
Srikakulam,Andhra Pradesh,18.6224,84.1758,684.0
Vizianagaram,Andhra Pradesh,18.276,83.4212,678.1667
Visakhapatnam,Andhra Pradesh,17.8055,83.3174,682.4167
East Godavari,Andhra Pradesh,16.9961,81.6851,672.0871
West Godavari,Andhra Pradesh,16.643,81.5933,737.0833
Krishna,Andhra Pradesh,16.238,81.1033,737.0833
Guntur,Andhra Pradesh,16.2853,80.4635,699.5833
Kurnool,Andhra Pradesh,15.548,77.6239,407.25
Prakasam,Andhra Pradesh,15.5642,79.7929,491.4167
YSR Kadapa,Andhra Pradesh,14.5397,78.6254,406.2727
Sri Potti Sriramulu Nellore,Andhra Pradesh,14.5575,79.638,469.5833
Anantapuram,Andhra Pradesh,14.7241,77.4488,348.8182
Chittoor,Andhra Pradesh,13.2029,78.9971,330.3933
Tirupati,Andhra Pradesh,13.8893,79.6242,422.5833
Annamayya,Andhra Pradesh,13.7884,78.5572,269.9167
Sri Sathya Sai,Andhra Pradesh,14.1682,77.6776,348.8182
Bapatla,Andhra Pradesh,15.9342,80.4525,607.5
Parvathipuram Manyam,Andhra Pradesh,18.7515,83.4618,678.1667
Eluru,Andhra Pradesh,17.0144,81.183,607.0909
Alluri Sitharama Raju,Andhra Pradesh,18.0592,82.5638,444.7273
Dr. B. R. Ambedkar Konaseema,Andhra Pradesh,16.6289,82.0327,635.6667
Kakinada,Andhra Pradesh,17.1205,82.2533,624.3333
Anakapalli,Andhra Pradesh,17.6715,82.7463,624.3333
Nandyal,Andhra Pradesh,15.525,78.2918,442.6364
NTR,Andhra Pradesh,16.817,80.4275,699.5833
Palnadu,Andhra Pradesh,16.3232,79.8182,571.1667
Markapuram,Andhra Pradesh,15.6641,79.2664,491.4167
