plant_name,state,district,latitude,longitude,coords_source,source
132kv SCCL 30MW Solar Plant (Manuguru),Telangana,Bhadradri Kothagudem,,,district_centroid,TGTRANSCO monthly transmission-loss EBC tables
132kV PSR Green Power Proj. pvt. Ltd.,Telangana,unknown,,,district_centroid,TGTRANSCO monthly transmission-loss EBC tables
132kv SCCL 37 MW Solar Plant (Sitharampatnam),Telangana,unknown,,,district_centroid,TGTRANSCO monthly transmission-loss EBC tables
132 kV Bharat Electronics Ltd. (solar),Telangana,unknown,,,district_centroid,TGTRANSCO monthly transmission-loss EBC tables
132kv SCCL Solar Power Plant (Yellandu),Telangana,Bhadradri Kothagudem,,,district_centroid,TGTRANSCO monthly transmission-loss EBC tables
ACME Medak Solar energy Pvt. Ltd.,Telangana,Medak,,,district_centroid,TGTRANSCO monthly transmission-loss EBC tables
ACME Nizamabad Solar Energy Pvt. Ltd,Telangana,Nizamabad,,,district_centroid,TGTRANSCO monthly transmission-loss EBC tables
ACME PV Powertech Pvt. Ltd. (Sadasivpet),Telangana,Medak,,,district_centroid,TGTRANSCO monthly transmission-loss EBC tables
ACME Rangareddy Solar Power,Telangana,Rangareddy,,,district_centroid,TGTRANSCO monthly transmission-loss EBC tables
ACME Solar Power Tech. Pvt. Ltd. (Bhongir),Telangana,Yadadri Bhuvanagiri,,,district_centroid,TGTRANSCO monthly transmission-loss EBC tables
Azure Power India Pvt. Ltd. (solar),Telangana,unknown,,,district_centroid,TGTRANSCO monthly transmission-loss EBC tables
Clean Solar Power (Chittradurga) Pvt. Ltd,Telangana,unknown,,,district_centroid,TGTRANSCO monthly transmission-loss EBC tables
Clean solar,Telangana,unknown,,,district_centroid,TGTRANSCO monthly transmission-loss EBC tables
Dayakara Solar (P) Ltd.,Telangana,unknown,,,district_centroid,TGTRANSCO monthly transmission-loss EBC tables
Dinakar Solar,Telangana,unknown,,,district_centroid,TGTRANSCO monthly transmission-loss EBC tables
Divine Solren Pvt. ltd.,Telangana,unknown,,,district_centroid,TGTRANSCO monthly transmission-loss EBC tables
Vena Energy Solar Pvt Ltd (Previously Energon Soleq Pvt Ltd ),Telangana,unknown,,,district_centroid,TGTRANSCO monthly transmission-loss EBC tables
Energon Soleq Solar (Sadasivapet),Telangana,unknown,,,district_centroid,TGTRANSCO monthly transmission-loss EBC tables
Enrich (Solar),Telangana,unknown,,,district_centroid,TGTRANSCO monthly transmission-loss EBC tables
G.S.R.Sugars Pvt Ltd,Telangana,unknown,,,district_centroid,TGTRANSCO monthly transmission-loss EBC tables
Grahati Solar,Telangana,unknown,,,district_centroid,TGTRANSCO monthly transmission-loss EBC tables
Hyderabad MSW Energy Solutions PVT LTD,Telangana,Hyderabad,,,district_centroid,TGTRANSCO monthly transmission-loss EBC tables
Jilesh Power Pvt. Ltd (Solar),Telangana,unknown,,,district_centroid,TGTRANSCO monthly transmission-loss EBC tables
Karvy Solar Pvt. Ltd. (Sadasivapet),Telangana,unknown,,,district_centroid,TGTRANSCO monthly transmission-loss EBC tables
Karvy solar (Mandamarry),Telangana,unknown,,,district_centroid,TGTRANSCO monthly transmission-loss EBC tables
Mytrah Agriya Power Pvt. Ltd. (Solar),Telangana,unknown,,,district_centroid,TGTRANSCO monthly transmission-loss EBC tables
Mytrah Agriya Power Pvt. Ltd. (solar) (Kamareddy),Telangana,Kamareddy,,,district_centroid,TGTRANSCO monthly transmission-loss EBC tables
Mytrah Vayu (Godavari) Pvt. Ltd. (Wind),Telangana,unknown,,,district_centroid,TGTRANSCO monthly transmission-loss EBC tables
NEO Solren Pvt. Ltd. (solar),Telangana,unknown,,,district_centroid,TGTRANSCO monthly transmission-loss EBC tables
NTPC Solar power plant (10MW),Telangana,unknown,,,district_centroid,TGTRANSCO monthly transmission-loss EBC tables
Param Pujya Solar Farms Ltd. Plant-I,Telangana,unknown,,,district_centroid,TGTRANSCO monthly transmission-loss EBC tables
Param Pujya Solar Farms Ltd. Plant-II,Telangana,unknown,,,district_centroid,TGTRANSCO monthly transmission-loss EBC tables
Polepally Solar Park,Telangana,Mahbubnagar,,,district_centroid,TGTRANSCO monthly transmission-loss EBC tables
Prathamesh solar farms Ltd.,Telangana,unknown,,,district_centroid,TGTRANSCO monthly transmission-loss EBC tables
RDF Power Projects Pvt. Ltd.,Telangana,unknown,,,district_centroid,TGTRANSCO monthly transmission-loss EBC tables
Renew Mega Solar Pvt.Ltd,Telangana,unknown,,,district_centroid,TGTRANSCO monthly transmission-loss EBC tables
Renew Saurshakthi Pvt. Ltd.,Telangana,unknown,,,district_centroid,TGTRANSCO monthly transmission-loss EBC tables
Renew Solar Energy Pvt. Ltd. 220kV,Telangana,unknown,,,district_centroid,TGTRANSCO monthly transmission-loss EBC tables
Renew Solar Plant (Mdk. Dist.),Telangana,Medak,,,district_centroid,TGTRANSCO monthly transmission-loss EBC tables
Renew Solar Pvt Ltd. (Minpur),Telangana,unknown,,,district_centroid,TGTRANSCO monthly transmission-loss EBC tables
Renew Wind TN2 Solar,Telangana,unknown,,,district_centroid,TGTRANSCO monthly transmission-loss EBC tables
Renue Akshay Solar Plant,Telangana,unknown,,,district_centroid,TGTRANSCO monthly transmission-loss EBC tables
Shravana Power Projects Pvt. Ltd.,Telangana,unknown,,,district_centroid,TGTRANSCO monthly transmission-loss EBC tables
Sky Power Southeast Asia III Ltd (Previously Sunshakthi solar pvt. Ltd.),Telangana,unknown,,,district_centroid,TGTRANSCO monthly transmission-loss EBC tables
Sunborne Energy Tech. (P) Ltd. (Solar),Telangana,unknown,,,district_centroid,TGTRANSCO monthly transmission-loss EBC tables
Sunworld Solar Power Pvt. Ltd.,Telangana,unknown,,,district_centroid,TGTRANSCO monthly transmission-loss EBC tables
Suprasanna Solar,Telangana,unknown,,,district_centroid,TGTRANSCO monthly transmission-loss EBC tables
Suraj Kiran Solar Technologies (Mdk),Telangana,Medak,,,district_centroid,TGTRANSCO monthly transmission-loss EBC tables
Suraj Kiran solar (Nlg),Telangana,Nalgonda,,,district_centroid,TGTRANSCO monthly transmission-loss EBC tables
Suryoday Energy Pvt. Ltd. (Shapoorji Pallonji)(Solar),Telangana,unknown,,,district_centroid,TGTRANSCO monthly transmission-loss EBC tables
Transform Sun Energy 220kV,Telangana,unknown,,,district_centroid,TGTRANSCO monthly transmission-loss EBC tables
Ujjvalatejas Solaire Urja Pvt. Ltd. (Solar),Telangana,unknown,,,district_centroid,TGTRANSCO monthly transmission-loss EBC tables
Winsol solar (Polepally),Telangana,Mahbubnagar,,,district_centroid,TGTRANSCO monthly transmission-loss EBC tables
Winsol solar (Tandur),Telangana,Vikarabad,,,district_centroid,TGTRANSCO monthly transmission-loss EBC tables
Zuka Solar,Telangana,unknown,,,district_centroid,TGTRANSCO monthly transmission-loss EBC tables
solar pvt. Ltd.),Telangana,unknown,,,district_centroid,TGTRANSCO monthly transmission-loss EBC tables
Sky Power Southeast Asia III Ltd (Previously Sunshakthi solar,Telangana,unknown,,,district_centroid,TGTRANSCO monthly transmission-loss EBC tables
Sunborne,Telangana,unknown,,,district_centroid,TGTRANSCO monthly transmission-loss EBC tables
SCCL 30MW Solar Plant (Manuguru),Telangana,Bhadradri Kothagudem,,,district_centroid,TGTRANSCO monthly transmission-loss EBC tables
Energon Soleq Pvt Ltd (Minpur),Telangana,unknown,,,district_centroid,TGTRANSCO monthly transmission-loss EBC tables
Soleq Pvt Ltd ),Telangana,unknown,,,district_centroid,TGTRANSCO monthly transmission-loss EBC tables
Sunshakthi solar pvt. Ltd.),Telangana,unknown,,,district_centroid,TGTRANSCO monthly transmission-loss EBC tables
Suryoday Energy Pvt. Ltd. (Shapoorji,Telangana,unknown,,,district_centroid,TGTRANSCO monthly transmission-loss EBC tables
Sky Power Southeast Asia III Ltd (Previously Sunshakthi solar pvt.,Telangana,unknown,,,district_centroid,TGTRANSCO monthly transmission-loss EBC tables
Pallonji)(Solar),Telangana,unknown,,,district_centroid,TGTRANSCO monthly transmission-loss EBC tables
