plant_name,district,state,cuf,cuf_source,latitude,longitude,avg_ghi_kwh_m2_day,avg_dni_kwh_m2_day,avg_dhi_kwh_m2_day,avg_temp_c,max_temp_c,avg_wind_speed_m_s,avg_humidity_pct,annual_rainfall_mm,avg_cloud_cover_pct,aerosol_optical_depth,elevation_m,slope_deg,aspect_deg,dist_nearest_road_km,dist_nearest_transmission_line_km,dist_nearest_substation_km,aod_2023,tree_cover_pct,shrubland_pct,grassland_pct,cropland_pct,builtup_pct,wasteland_pct,water_pct,wetland_pct,census_pop_2011,census_pop_2024_projected,district_area_sqkm,population_density_per_sqkm,solar_variability,solar_efficiency_index,terrain_flatness_score,infrastructure_accessibility_index,forest_proximity_km,dominant_land_use,climate_stress_index,humidity_temp_interaction,slope_aspect_interaction,builtup_wasteland_pct,aridity_index,cloud_cover_penalty,population_pressure
Kurnool Ultra Mega Solar,kurnool,Andhra Pradesh,0.20799086757990867,cea_plant,15.548,77.6239,5.5687,4.0901,2.3045,26.95,44.25,4.23,59.87,1.77,48.51,0.49,473.0,3.95,207.4,9.57,7.66,11.49,0.4072,0.53,27.73,9.8,60.42,0.58,0.71,0.2,0.0,4053463.0,4613219,17658,261.3,1.7671635342406566,0.7331636402746159,0.202020202020202,0.1000451384418531,65.359477124183,cropland,1.6134965,2.6492475,-3.506870771288785,1.29,0.0633273703041144,0.5149,5.569312607510436
NP Kunta Solar Park,anantapuram,Andhra Pradesh,0.2050228310502283,cea_plant,14.7241,77.4488,5.6566,4.2067,2.3023,26.67,43.53,4.51,60.75,1.69,50.43,0.45,408.0,2.13,126.0,9.97,7.98,11.97,0.3488,3.14,24.89,3.32,65.06,2.24,0.53,0.82,0.0,4083315.0,4647193,19130,242.9,1.819270855857804,0.7423675572653795,0.3194888178913738,0.0964267114370595,24.154589371980677,cropland,1.6202025,2.6444475,-1.2519825873829675,2.7700000000000005,0.0610769786772677,0.4957,5.496868890908213
Anantapur Solar Park,anantapuram,Andhra Pradesh,0.20205479452054795,cea_plant,14.7241,77.4488,5.6566,4.2067,2.3023,26.67,43.53,4.51,60.75,1.69,50.43,0.45,408.0,2.13,126.0,9.97,7.98,11.97,0.3488,3.14,24.89,3.32,65.06,2.24,0.53,0.82,0.0,4083315.0,4647193,19130,242.9,1.819270855857804,0.7423675572653795,0.3194888178913738,0.0964267114370595,24.154589371980677,cropland,1.6202025,2.6444475,-1.2519825873829675,2.7700000000000005,0.0610769786772677,0.4957,5.496868890908213
Kadapa Solar Zone,ysr kadapa,Andhra Pradesh,0.19817351598173516,cea_plant,14.5397,78.6254,5.4929,3.8825,2.3467,27.63,45.99,4.06,63.3,2.06,51.76,0.45,155.0,1.33,134.1,9.57,7.66,11.49,0.4063,7.15,2.77,0.86,79.58,2.31,7.09,0.26,0.0,2884524.0,3282857,15359,213.7,1.647430729409768,0.7055370804484908,0.4291845493562232,0.1000451384418531,12.269938650306749,cropland,1.7489789999999998,2.911167,-0.925564019467778,9.4,0.0719524973803702,0.4824,5.369435373780331
Galiveedu Solar,annamayya,Andhra Pradesh,0.1952054794520548,cea_plant,13.7884,78.5572,5.5092,3.6926,2.4516,26.28,43.08,4.16,65.02,2.06,55.88,0.45,600.0,2.94,180.0,9.9,7.92,11.88,0.2699,7.94,29.01,3.1,56.37,1.25,2.34,0.0,0.0,2152576.0,2449832,7954,308.0,1.500081247968801,0.6690462385853023,0.2538071065989847,0.0970682473443352,11.185682326621922,cropland,1.7087256,2.8010616,-2.94,3.59,0.0755131964809384,0.4411999999999999,5.733341276897746
Tadipatri Solar,anantapuram,Andhra Pradesh,0.20104008117706748,cea_plant,14.7241,77.4488,5.6566,4.2067,2.3023,26.67,43.53,4.51,60.75,1.69,50.43,0.45,408.0,2.13,126.0,9.97,7.98,11.97,0.3488,3.14,24.89,3.32,65.06,2.24,0.53,0.82,0.0,4083315.0,4647193,19130,242.9,1.819270855857804,0.7423675572653795,0.3194888178913738,0.0964267114370595,24.154589371980677,cropland,1.6202025,2.6444475,-1.2519825873829675,2.7700000000000005,0.0610769786772677,0.4957,5.496868890908213
Hyderabad Solar Belt,ranga reddy,Telangana,0.19006849315068494,cea_plant,17.1334,78.3829,5.3587,3.8851,2.2663,25.84,43.98,3.93,60.33,2.11,49.08,0.51,615.0,2.15,180.0,5.09,4.07,6.11,0.4834,1.55,0.29,12.76,81.77,3.34,0.22,0.04,0.0,1395438.0,1588138,7493,211.9,1.7067609717524053,0.7236574962281372,0.3174603174603174,0.1727063037206407,39.21568627450981,cropland,1.5589271999999998,2.6533134,-2.15,3.56,0.0786140089418777,0.5092000000000001,5.361055296888526
Mahbubnagar Solar,mahabubnagar,Telangana,0.18797564687975646,cea_plant,16.6964,78.0232,5.3988,3.7874,2.339,26.65,44.59,3.88,60.33,2.03,49.94,0.51,465.0,3.98,133.8,5.49,4.39,6.59,0.406,2.4,11.91,9.98,70.25,4.37,0.74,0.35,0.0,1063302.0,1210136,18432,65.7,1.6123456790123458,0.700229256027215,0.2008032128514056,0.1621952458882662,29.411764705882355,cropland,1.6077945,2.6901147,-2.75472983200422,5.11,0.0734177215189873,0.5006,4.199516257971236
Nalgonda Solar Farm,nalgonda,Telangana,0.1845509893455099,cea_plant,16.858,79.1586,5.3158,3.6706,2.3261,27.78,47.0,3.47,61.84,2.11,50.54,0.51,208.0,2.09,180.0,5.6,4.48,6.72,0.5712,5.69,0.42,12.08,75.35,0.01,0.34,6.12,0.0,994451.0,1131778,14240,79.5,1.5712512306836182,0.6892110105524052,0.3236245954692557,0.1595054970872829,14.947683109118088,cropland,1.7179152000000002,2.90648,-2.09,0.35,0.0733148019457956,0.4946,4.387993697973787
Warangal Solar,warangal,Telangana,0.1815068493150685,cea_plant,17.8676,79.7604,5.317,3.8179,2.2598,27.41,47.67,3.1,62.43,2.7,49.3,0.51,238.0,1.35,180.0,5.96,4.77,7.16,0.5972,13.83,0.56,3.23,81.08,1.02,0.03,0.23,0.0,1351966.0,1538663,12846,119.8,1.6820424707022648,0.7167073399662098,0.425531914893617,0.1513051584107018,6.743088334457181,cropland,1.7112063,2.9760381,-1.35,1.05,0.0950369588173178,0.507,4.793950805873909
Karimnagar Solar,karimnagar,Telangana,0.1812214611872146,cea_plant,18.4076,79.2649,5.279,3.9031,2.2073,27.58,47.95,3.22,57.98,2.53,47.5,0.51,264.0,2.1,133.5,5.99,4.79,7.18,0.6536,3.18,0.1,4.88,88.64,2.55,0.22,0.41,0.0,1005711.0,1144592,11823,96.8,1.760294051323682,0.7379655889582152,0.3225806451612903,0.1507591130015619,23.92344497607656,cropland,1.5990884,2.780141,-1.445544608956883,2.77,0.0885234429671098,0.525,4.5830331944673
Nizamabad Solar,nizamabad,Telangana,0.17884322678843226,cea_plant,18.7249,78.1848,5.327,3.9216,2.2414,26.82,45.89,3.52,55.75,2.34,48.22,0.51,424.0,2.1,226.6,5.82,4.66,6.98,0.5292,47.93,11.21,14.78,21.33,2.11,0.15,2.5,0.0,1054906.0,1200581,7956,150.9,1.7418495158568004,0.7347948285553683,0.3225806451612903,0.1543850611264386,2.0437359493153484,tree_cover,1.495215,2.5583675,-1.4428837726892885,2.26,0.0841121495327102,0.5178,5.023239455149832
Adilabad Solar,adilabad,Telangana,0.1780821917808219,cea_plant,19.5449,78.5683,5.2392,3.9816,2.1506,26.99,47.58,3.3,56.17,2.64,46.3,0.51,417.0,4.04,160.5,6.21,4.97,7.45,0.5717,30.43,0.66,9.18,58.83,0.47,0.04,0.41,0.0,708952.0,806853,16105,50.1,1.842821438489309,0.7585155833269831,0.1984126984126984,0.1461488161755743,3.181673560292714,cropland,1.5160283,2.6725686,-3.8082716240124,0.51,0.0943193997856377,0.537,3.933775383784885
