cluster_id,latitude,longitude,capacity_mw,state_scope
275,17.519119845040102,78.1302582,5.485040055290873,TG+AP(bbox)
284,17.214966672077058,77.89192373734906,13.778813150585458,TG+AP(bbox)
391,17.92257901284416,77.82272266187589,2.667263281730184,TG+AP(bbox)
436,14.784688979465963,77.79131506393213,6.368676089424771,TG+AP(bbox)
557,17.055406176137424,78.17353186,1.3161958969424803,TG+AP(bbox)
564,17.605849662841198,77.94788677420661,4.476488709456148,TG+AP(bbox)
571,18.302253865253576,78.89087731247415,26.31954441515849,TG+AP(bbox)
825,17.849310681168568,76.70867291644598,2.5983050468964977,TG+AP(bbox)
826,15.514089203033484,76.91460391665699,44.26710821519941,TG+AP(bbox)
829,14.452866646486845,77.67268429219831,24.91679067,TG+AP(bbox)
830,13.75108605713407,77.18250897967461,3.203962043496737,TG+AP(bbox)
833,12.991130890100946,77.84013187,1.6821357941278785,TG+AP(bbox)
958,14.07389830698148,76.71923745919314,12.667555370323813,TG+AP(bbox)
960,17.275886431277232,79.19795752317667,138.3440539632034,TG+AP(bbox)
983,17.207895225249775,76.77933211,39.96700197242828,TG+AP(bbox)
1064,18.782959125696387,79.72696278152287,10.098017845621095,TG+AP(bbox)
1088,16.758642036861513,78.25767560565437,7.633192255929939,TG+AP(bbox)
1342,12.83087008508883,77.28943246744666,7.630155806,TG+AP(bbox)
1513,16.47040165294186,77.91151445648549,43.03123789134179,TG+AP(bbox)
1758,16.928456913682083,79.47616862141282,4.753335766952582,TG+AP(bbox)
1879,17.479014179160156,78.91472298931025,11.069252556908804,TG+AP(bbox)
1973,13.622973233380645,79.50007864283037,5.282864147025642,TG+AP(bbox)
2115,14.36486467808652,76.76306676128287,6.071211677260909,TG+AP(bbox)
2126,19.44351917955275,77.89093638151283,42.58588793782629,TG+AP(bbox)
2279,19.78905182445283,77.25922429708167,9.463243711,TG+AP(bbox)
2369,12.87064957,77.29516336277955,8.518865822374698,TG+AP(bbox)
2395,13.73523845555565,78.08490122193471,4.963795385823342,TG+AP(bbox)
2631,13.762344842942433,78.10551638417185,26.062317194979588,TG+AP(bbox)
2639,13.55415054077076,77.36086054,16.226029947573853,TG+AP(bbox)
2948,17.010431084677645,81.81528465547528,1.340680726255745,TG+AP(bbox)
3068,18.27907316719052,78.46926205323476,22.608451735570004,TG+AP(bbox)
3342,16.520935205622692,80.78871269303828,1.3362287552219296,TG+AP(bbox)
3486,12.877267715328747,78.38199573,21.18822455212793,TG+AP(bbox)
3932,13.68749515975905,77.44908983748742,28.924298355186465,TG+AP(bbox)
3956,16.44968034632637,77.87197645913895,147.85916680154665,TG+AP(bbox)
4179,17.343912366665386,77.62012114086214,45.141808939929575,TG+AP(bbox)
4214,18.23589850346196,78.67906467148934,42.430555952554045,TG+AP(bbox)
4327,16.52766104666446,77.90169423589877,72.37896026155194,TG+AP(bbox)
4473,16.801919890317357,78.88642850165331,28.168045528327685,TG+AP(bbox)
4678,17.311437324233047,79.85534121,4.400683720093123,TG+AP(bbox)
4765,18.18304711,77.41583791705212,57.00130961024344,TG+AP(bbox)
5005,17.79397897560709,77.01648213657279,50.87511796248984,TG+AP(bbox)
5051,17.700422042580943,77.80461659001818,43.92679590256421,TG+AP(bbox)
5054,17.285109327053142,79.14697412702644,19.083808552085817,TG+AP(bbox)
5130,15.672600040437066,78.26625929,699.3163611667543,TG+AP(bbox)
9240,17.691855447088347,78.26528218111144,17.48374685450481,TG+AP(bbox)
9730,13.829701612228977,77.35751541019403,3.2070373293879046,TG+AP(bbox)
10140,14.261733505263871,77.43253881527853,1158.2580521469272,TG+AP(bbox)
10384,17.671965979585817,77.21446636424301,3.608206326562072,TG+AP(bbox)
10866,12.988016829797973,79.29404819377974,6.109054003759987,TG+AP(bbox)
10925,16.52990390052873,79.82576416169887,1.5351519615083078,TG+AP(bbox)
11370,17.704195799251764,78.67409555077087,3.447858957845336,TG+AP(bbox)
11423,16.389061808937562,77.26337583453133,4.556345557647132,TG+AP(bbox)
11427,16.38411638479485,77.27022368928779,17.15473689447106,TG+AP(bbox)
11504,17.718079963766108,78.99494555827629,21.926513314311183,TG+AP(bbox)
11513,17.612631753751383,77.57051335494506,4.092560173453057,TG+AP(bbox)
11679,17.66899193050838,79.03050883100269,6.995243095068616,TG+AP(bbox)
11690,17.909503642976375,77.36899830229342,6.950524886084288,TG+AP(bbox)
11725,13.726991923351902,77.56164586480469,18.15100172091229,TG+AP(bbox)
12038,13.121478704545265,78.34387534424873,2.6661654942101367,TG+AP(bbox)
12071,16.56230260066059,77.06963024160126,25.24669429533145,TG+AP(bbox)
12204,16.462955084579036,79.92457572883752,1.833832720117946,TG+AP(bbox)
12266,17.229334650469223,78.91555962121141,1.0966232514438752,TG+AP(bbox)
12391,18.21968413229141,78.30326202910891,22.52616050252832,TG+AP(bbox)
12454,12.893425631163293,78.16564160271508,4.007584836083034,TG+AP(bbox)
12509,16.520293664664575,76.81140554455742,10.540933857129856,TG+AP(bbox)
12577,17.50712364751393,79.56113588639951,49.767994824033934,TG+AP(bbox)
12660,13.94408872417852,77.51824160124063,11.409475872191567,TG+AP(bbox)
12665,16.637601559379295,78.77965140966108,22.82904007893579,TG+AP(bbox)
12870,13.595360069592129,80.02375010074032,1.5621103327307206,TG+AP(bbox)
13024,18.225483244053965,78.9976347,23.79417583062494,TG+AP(bbox)
13154,16.730684113302214,78.48858795652718,50.73318991979109,TG+AP(bbox)
13227,14.306961000374343,77.22200854655667,2.990311937,TG+AP(bbox)
13368,17.555264083861374,79.52216955,13.73939571436551,TG+AP(bbox)
13439,17.483189837314587,78.15498478205744,5.239818045,TG+AP(bbox)
13445,17.980205411561645,78.41581102732991,3.255418189249556,TG+AP(bbox)
13606,19.088017858056816,82.17395113146591,9.347501614791108,TG+AP(bbox)
13632,16.82778541119951,78.51768967,1.5220018513045794,TG+AP(bbox)
13697,19.325873971425946,83.43419453,4.460490263428396,TG+AP(bbox)
13766,17.66789958459923,77.79153240216031,8.067122669834975,TG+AP(bbox)
13805,13.268818009112454,76.74198438435945,22.70555759695379,TG+AP(bbox)
13831,12.89418871268544,76.86899716433621,5.1236182946087725,TG+AP(bbox)
13832,16.288717609468105,77.50057418673846,3.5858162973813656,TG+AP(bbox)
13835,17.46472324629794,76.74588920798256,22.74410996,TG+AP(bbox)
13836,14.499462338723076,76.72903456,40.94086823,TG+AP(bbox)
13847,14.264210723837898,76.77439947,15.511829292687558,TG+AP(bbox)
13848,17.922094241412452,77.37316866,39.31341088453824,TG+AP(bbox)
13849,17.709429205968387,77.33081395,24.91138464586274,TG+AP(bbox)
13850,16.790993786930063,76.92226911540766,2.851685371772141,TG+AP(bbox)
13853,17.544303251996176,77.87422400343972,3.292191121891831,TG+AP(bbox)
13855,16.594914046529947,76.90074739152327,51.58515922827858,TG+AP(bbox)
13861,14.940495596117875,76.81133691416635,17.464079378890514,TG+AP(bbox)
13862,13.834155524619389,77.34065614680742,9.819270141100708,TG+AP(bbox)
13863,14.193637544089531,77.34606654348158,34.22141644140457,TG+AP(bbox)
13869,13.550771090557094,77.51327545414117,21.53494995832591,TG+AP(bbox)
13873,14.126519404492004,76.81130257271846,23.69773248752674,TG+AP(bbox)
13874,12.86389207632048,77.11160678370474,8.859052513091779,TG+AP(bbox)
13875,14.04001111446224,76.90645246736302,35.06840091764107,TG+AP(bbox)
13877,14.604475839838454,76.72514537368153,1.373726648111021,TG+AP(bbox)
13878,12.799886081903091,77.42363373452436,4.819196406215593,TG+AP(bbox)
13879,16.13399221613991,77.12699249221335,50.66656921787615,TG+AP(bbox)
13880,13.040153486599714,76.92317876926609,9.114558665378174,TG+AP(bbox)
13882,17.77388781789612,77.46312920948425,13.851608843457656,TG+AP(bbox)
13885,14.140464858771976,77.31523136223656,33.16047700834151,TG+AP(bbox)
13890,16.397624747782253,77.09524589295621,10.79083466078289,TG+AP(bbox)
13891,17.50921625605871,76.99316292813984,43.33455250456751,TG+AP(bbox)
13892,16.94890921425784,77.00855491251458,44.738477701400704,TG+AP(bbox)
13897,14.298318686085471,76.79099483306982,9.609505022,TG+AP(bbox)
13910,13.839814232938124,77.35269754948784,19.25940296215544,TG+AP(bbox)
13917,16.60542424178941,77.01881927974118,23.78919442093941,TG+AP(bbox)
13918,16.646656601325773,77.20872303792729,22.0591835808304,TG+AP(bbox)
13919,12.948787977736966,77.67446911944819,2.705093866884116,TG+AP(bbox)
13923,14.284974972748808,77.24839847988126,4.175412221677266,TG+AP(bbox)
13925,12.95337755670401,76.79773576031992,14.85462864555225,TG+AP(bbox)
13931,14.820509672197636,76.74740613,15.844233315682857,TG+AP(bbox)
13933,17.40277100495428,77.37908939686652,33.68455104730437,TG+AP(bbox)
13940,14.108953768596743,76.75737447622389,11.005530733661171,TG+AP(bbox)
13942,14.45070751185853,76.77902003315718,7.688653722043694,TG+AP(bbox)
13944,16.178767076864183,76.76437656,33.269467205590665,TG+AP(bbox)
13945,16.40625947769554,77.10675353874927,14.11816621124631,TG+AP(bbox)
13947,17.777925583533243,77.44097333707307,11.751333306169746,TG+AP(bbox)
13949,16.87618200172652,76.99117322539449,24.04866763261262,TG+AP(bbox)
13951,17.68332185220372,77.34880445992317,26.799480581529536,TG+AP(bbox)
13954,14.204726753130393,77.37983041890084,33.50954999322843,TG+AP(bbox)
13957,17.686639762590264,77.33411900588358,4.050605390850997,TG+AP(bbox)
13958,13.082709081116764,78.29203695144086,11.536720083804145,TG+AP(bbox)
13960,14.553016689232363,76.76212678724069,3.316917808943725,TG+AP(bbox)
13964,13.843911419403202,77.26395359262402,23.43344006831573,TG+AP(bbox)
13968,12.880145840220225,78.04084186878632,24.535760553417457,TG+AP(bbox)
13976,13.68250549688179,76.78889155720614,13.35696745549012,TG+AP(bbox)
13990,13.663179708326124,76.76475254062356,16.390885126120057,TG+AP(bbox)
13993,14.10621914900094,76.85198423443218,33.78601341137304,TG+AP(bbox)
13994,13.766506762983225,77.86187215623734,2.4040183528668626,TG+AP(bbox)
14002,16.523271571872197,77.09142176531503,8.157985376620118,TG+AP(bbox)
14004,18.19855673,77.44923377511661,22.17510235410684,TG+AP(bbox)
14009,13.133405356776402,80.09665159807696,7.257295499108296,TG+AP(bbox)
14017,13.415023077720072,80.09048783363185,6.819027176123202,TG+AP(bbox)
14092,13.13778205246372,80.10714442146669,7.127926795353209,TG+AP(bbox)
14098,17.99714351,78.04808632734172,50.42163350403832,TG+AP(bbox)
14102,18.764107706849465,79.48683014842723,11.938376412569932,TG+AP(bbox)
14104,16.565165184459314,77.95081365511349,7.422225147359197,TG+AP(bbox)
14105,17.542080435120255,79.52373104604614,8.333578652180991,TG+AP(bbox)
14108,18.331521678486624,78.88844600696437,5.422170786544549,TG+AP(bbox)
14109,16.69617564308819,78.48886989,7.189672921,TG+AP(bbox)
14110,18.36363613204357,78.21287689158947,69.86212614906262,TG+AP(bbox)
14111,16.83610105,78.1182866,4.857155769026483,TG+AP(bbox)
14113,17.82880014,78.33089995949047,6.493850064850203,TG+AP(bbox)
14122,14.650950457729914,79.58444969960568,10.581876164641454,TG+AP(bbox)
14127,16.555660981896768,77.90516583204874,37.30349297103702,TG+AP(bbox)
14128,14.534284161515462,77.81209068082129,9.202458394810312,TG+AP(bbox)
14130,18.38190979065069,78.25568580650376,92.45764889456666,TG+AP(bbox)
14131,16.94551534835561,78.12268456,58.51532711632903,TG+AP(bbox)
14132,18.30459809455457,78.67087296562539,57.16269278828703,TG+AP(bbox)
14136,17.96044810789581,78.05389341749554,39.84766232542289,TG+AP(bbox)
14137,18.52082554395996,79.55657494,15.119469579417302,TG+AP(bbox)
14138,17.54840879654262,79.18849264,1.1893265724981368,TG+AP(bbox)
14139,18.24661085184771,78.26144982,20.805283124302736,TG+AP(bbox)
14141,17.872571802355054,77.73055138635101,5.389911050314204,TG+AP(bbox)
14142,15.80529938899328,77.98676929581248,5.187891938750825,TG+AP(bbox)
14144,16.80583021782212,79.05096215940475,6.361115288210283,TG+AP(bbox)
14145,16.54491185926502,77.93563103393807,49.03278801019722,TG+AP(bbox)
14146,16.49905124035574,78.38150944387941,10.822072492335332,TG+AP(bbox)
14148,14.566141870372364,77.84247462513545,8.872081690944116,TG+AP(bbox)
14149,18.449081393664446,78.39708719070495,21.31948347200196,TG+AP(bbox)
14150,16.683213064305853,78.35373953,5.785991158809611,TG+AP(bbox)
14155,14.588226603616867,78.21557177,28.85436203143952,TG+AP(bbox)
14156,17.902938809987063,79.03152861693826,10.67431202090034,TG+AP(bbox)
14157,17.981902941953138,78.06801756591156,28.374510936469107,TG+AP(bbox)
14158,17.586621073684665,77.80966564356993,14.558724880123536,TG+AP(bbox)
14159,14.102327485314907,78.73408240164545,13.434869805698934,TG+AP(bbox)
14160,17.570651032480352,78.84194783560672,1.511069502691504,TG+AP(bbox)
14161,15.807196358394975,78.48436729855148,3.7510751987845294,TG+AP(bbox)
14162,16.495477969378335,78.42067988610242,12.769125629338486,TG+AP(bbox)
14163,17.800928995124952,79.15553375116933,16.83227893779476,TG+AP(bbox)
14164,17.231575502407807,77.86478646525217,5.509479015114617,TG+AP(bbox)
14165,16.964826319588944,77.64918338762207,12.082917371879608,TG+AP(bbox)
14166,16.621118815070496,78.47185615351985,10.289168791773388,TG+AP(bbox)
14167,17.949555012337605,77.82887059274971,10.57462051,TG+AP(bbox)
14168,18.39345226525035,83.43166043064095,12.336957506242062,TG+AP(bbox)
14169,16.805297637557565,78.41315246828823,22.457877700725778,TG+AP(bbox)
14170,17.94673277230087,77.92551728653308,12.087452444543365,TG+AP(bbox)
14171,18.14392585678214,78.65080984718045,16.8498029,TG+AP(bbox)
14172,18.315229016350514,78.20414437477218,17.886328809239146,TG+AP(bbox)
14174,18.287066379113256,83.50867191228176,2.9887594693269457,TG+AP(bbox)
14175,16.74764320325298,78.34131049738362,4.797714416579425,TG+AP(bbox)
14176,15.232874856263372,78.20098056423457,52.36350640464285,TG+AP(bbox)
14177,17.86636459956769,78.01590811436834,9.573830364,TG+AP(bbox)
14178,14.53849018202611,77.54871157081125,2.336663825824276,TG+AP(bbox)
14179,17.681554733126653,77.72317874697977,8.342873706186014,TG+AP(bbox)
14180,16.627016542565492,77.66508640486666,22.420315339264267,TG+AP(bbox)
14181,18.28071184812505,78.10605318,16.966843130005028,TG+AP(bbox)
14182,14.39227566989761,77.20337779514828,7.688849635950035,TG+AP(bbox)
14183,15.523899822180178,77.26551986514049,33.526606471903975,TG+AP(bbox)
14184,17.72383925678323,78.97833394299215,22.964529220441715,TG+AP(bbox)
14185,17.238501297316613,77.97686719753185,2.5806829535737346,TG+AP(bbox)
14186,17.529079681103855,79.53420935770315,20.99664334906756,TG+AP(bbox)
14187,17.074602770224498,79.79447528629738,2.4931713409935874,TG+AP(bbox)
14188,18.82447440081433,79.10241958224776,26.087362403260794,TG+AP(bbox)
14189,18.795065070280373,78.63532919699053,26.109390908018028,TG+AP(bbox)
14190,17.450767686846266,78.10470472,1.0830735781281342,TG+AP(bbox)
14191,17.78915892773233,77.66429885981951,5.7818824043393535,TG+AP(bbox)
14193,16.388454808934867,78.67578933849452,21.86972317233384,TG+AP(bbox)
14194,14.011094202775965,78.14654101242581,5.909609698989828,TG+AP(bbox)
14196,13.983472145975668,77.48053810842222,44.581405410318816,TG+AP(bbox)
14197,16.38942914358332,78.66222833,5.140014023,TG+AP(bbox)
14198,14.16487806746257,78.14287196029471,9.089067263,TG+AP(bbox)
14199,15.362066104281372,77.49075187729314,18.23144271607847,TG+AP(bbox)
14200,17.00999223734306,81.73763569886145,3.322832191120664,TG+AP(bbox)
14201,13.999896014465252,78.13606497294465,2.6573098660027528,TG+AP(bbox)
14202,18.279036937560114,78.86103960853612,15.736043737367105,TG+AP(bbox)
14203,13.906573012184484,78.18133906696404,20.520590354681897,TG+AP(bbox)
14204,13.32324225489308,78.67207469230982,39.36242694836199,TG+AP(bbox)
14206,16.82525065626284,78.53673178,1.458733118141527,TG+AP(bbox)
14207,16.602476473531482,77.67460765533333,8.009685977518627,TG+AP(bbox)
14208,14.496313191193114,79.59163699547584,47.75324357072533,TG+AP(bbox)
14209,18.423560766503943,79.22715864816446,5.665189628628493,TG+AP(bbox)
14211,16.488446722403467,77.92370240826283,16.39062761942757,TG+AP(bbox)
14212,17.357125657760328,77.92911892958459,13.614915204495992,TG+AP(bbox)
14213,18.68984229182064,79.62847414,25.164804921093843,TG+AP(bbox)
14214,16.687246288835624,78.17394211081908,13.48006281330894,TG+AP(bbox)
14216,17.484842337508127,77.88436138904184,4.477869428425612,TG+AP(bbox)
14217,18.220379804278043,78.32362427651265,32.26420754988946,TG+AP(bbox)
14218,15.915095567531818,77.96032776439728,20.84066482485207,TG+AP(bbox)
14219,13.935731235113684,77.48984348960474,36.99260414142115,TG+AP(bbox)
14220,18.47274275757071,83.34728541349014,5.162148714309648,TG+AP(bbox)
14221,17.885845145250848,78.77718566061166,2.5256429881834004,TG+AP(bbox)
14222,17.301703832748867,79.51156258937063,15.905741851534517,TG+AP(bbox)
14223,16.780359284360742,78.33549752640899,13.75513825060989,TG+AP(bbox)
14224,17.19875241890353,79.55492647,4.107447778798955,TG+AP(bbox)
14225,17.280463614180018,82.09657871,2.073339905924704,TG+AP(bbox)
14226,19.146563943165543,79.42545069573302,17.496552690342703,TG+AP(bbox)
14227,17.742006274005952,78.14223036720952,5.4684545070397625,TG+AP(bbox)
14234,18.06211437419556,78.41728592851909,8.955275419739952,TG+AP(bbox)
14237,14.256227906228316,77.35131932354189,9.370814790169808,TG+AP(bbox)
14242,18.055805423031742,78.40732951007776,8.504149548087774,TG+AP(bbox)
14243,19.042127841489016,78.28964514130959,59.41666423866916,TG+AP(bbox)
14244,17.585927882231072,77.88970472,31.51288665,TG+AP(bbox)
14245,17.155290595889866,77.62865083561849,14.15271338629427,TG+AP(bbox)
14246,18.152478380312385,78.29395490851432,43.76066488208998,TG+AP(bbox)
14247,16.330043526262806,77.70567251497535,2.142616518,TG+AP(bbox)
14248,16.294829183136873,79.81395713497623,5.267531213545607,TG+AP(bbox)
14249,16.593005239354984,77.89169453693779,44.61297332052524,TG+AP(bbox)
14250,16.624069539906365,78.04573631,18.79282725937216,TG+AP(bbox)
14251,18.03956141409461,78.45324301,21.47743306797669,TG+AP(bbox)
14252,17.914157137978595,78.14782859851825,4.210400877994765,TG+AP(bbox)
14253,16.94434977031489,78.89947871794658,3.4269494424848754,TG+AP(bbox)
14257,17.44181473040512,78.62355648974896,7.159457320937323,TG+AP(bbox)
14258,17.5038781,77.87782125280594,1.3823879154718843,TG+AP(bbox)
14260,18.388520735229825,78.22590835660915,23.13754181,TG+AP(bbox)
14261,17.394096667816658,79.30611999205989,4.930708749,TG+AP(bbox)
14265,16.860832270640945,78.09269847794862,15.311719120890672,TG+AP(bbox)
14266,14.017785262429026,78.42578942,639.4213551,TG+AP(bbox)
14267,17.52256732995988,79.52781011,7.766024560700254,TG+AP(bbox)
14269,13.741298828468052,78.6205529,20.202310248860314,TG+AP(bbox)
14270,18.985925885673943,79.44532181094978,30.360304253144232,TG+AP(bbox)
14271,16.719354291884013,78.06563438297351,1.3966361721683382,TG+AP(bbox)
14272,16.152991128350045,77.76316721,16.96497362,TG+AP(bbox)
14274,16.622572299645697,77.88988809181106,4.663005181697053,TG+AP(bbox)
14275,15.666242012924387,77.48441930272094,32.39871101252728,TG+AP(bbox)
14276,16.83708982801266,78.83105028674508,3.0622168292496097,TG+AP(bbox)
14278,17.674246742928887,78.17411570022809,4.347974385920749,TG+AP(bbox)
14280,17.701932676614362,77.78790612819594,16.024999266391127,TG+AP(bbox)
14281,13.74800295182607,77.55269521645353,3.330645489227201,TG+AP(bbox)
14282,16.44489422787029,78.00182406,50.59720256788818,TG+AP(bbox)
14284,18.12520111172778,78.48816760251928,10.490025425262226,TG+AP(bbox)
14285,17.712966999637963,79.01916898497791,21.20253542685787,TG+AP(bbox)
14287,15.194433195459665,77.13583035,24.73086878774962,TG+AP(bbox)
14288,14.219089958006968,78.06902425663034,39.42438733440317,TG+AP(bbox)
14289,17.365570519834552,77.53635200658965,42.69827445268674,TG+AP(bbox)
14291,17.72652360658421,79.03960053630148,9.214115684511766,TG+AP(bbox)
14292,17.51861597450321,79.52074473993895,10.940152726083062,TG+AP(bbox)
14293,17.726436878809192,78.09726656537762,4.609303677105872,TG+AP(bbox)
14294,17.684636012012415,77.57836272583224,1.4463755452759046,TG+AP(bbox)
14295,16.743102220697605,78.35731180964922,13.547586850045809,TG+AP(bbox)
14296,16.40753620489554,78.70020204682355,12.798622936635516,TG+AP(bbox)
14298,13.992150880028491,77.36493260006407,15.691711990385665,TG+AP(bbox)
14303,13.373958836714692,77.59768482980977,31.91778749,TG+AP(bbox)
14304,14.02284258018514,77.04428604137443,15.18766107361098,TG+AP(bbox)
14305,13.984600799436237,76.89059349438769,3.188645616,TG+AP(bbox)
14309,16.88828786533838,78.08351724034131,28.120219679474733,TG+AP(bbox)
14310,16.498880401474384,78.35028540354529,13.357294325127665,TG+AP(bbox)
14312,14.576763550026543,77.18601139389133,23.88070811,TG+AP(bbox)
14314,17.699154027156226,78.94557588562834,5.585177975184575,TG+AP(bbox)
14317,17.344173888611493,77.97937028310484,11.559550278716358,TG+AP(bbox)
14321,16.00595995798442,77.75668178856549,7.346396623070103,TG+AP(bbox)
14322,17.71951155088001,83.25474003516923,10.53327041970134,TG+AP(bbox)
14323,16.820310424078592,79.05222742036236,23.302968921242165,TG+AP(bbox)
14324,17.078890052039746,78.28011982206294,2.8021479214516387,TG+AP(bbox)
14325,17.438821669632517,79.28185607172074,16.63916896356852,TG+AP(bbox)
14327,13.754001390519608,79.91045024555285,1.5177931865179592,TG+AP(bbox)
14328,14.671278117183084,78.43182938359011,1.1476734981860923,TG+AP(bbox)
14330,17.665897462132083,83.18327671233415,4.090676280366187,TG+AP(bbox)
14331,17.83837575901635,78.01716255917738,8.727806278036137,TG+AP(bbox)
14332,18.25548515454885,78.29331398027773,26.379790463105945,TG+AP(bbox)
14333,14.025509164745984,76.94120216,21.76584506863757,TG+AP(bbox)
14335,18.27765552,78.26400746,34.59010972581781,TG+AP(bbox)
14339,17.75047653128392,78.59830109219207,6.351216238190905,TG+AP(bbox)
14345,16.266182140196957,77.77950203268112,20.176891143897983,TG+AP(bbox)
14351,17.244429100166716,78.49286502201751,1.542734745,TG+AP(bbox)
14353,17.24640249010978,78.40342733350634,9.311565970797297,TG+AP(bbox)
14354,13.73136475700998,78.42383596681317,13.29280845678728,TG+AP(bbox)
14356,16.650452091362997,77.48264795389356,3.037489717345844,TG+AP(bbox)
14357,17.86551143,78.79064432799444,3.430266051788843,TG+AP(bbox)
14358,17.317207808835427,78.51308303625777,4.3441527402201086,TG+AP(bbox)
14360,17.65606909946564,78.54574248559427,4.928887258384114,TG+AP(bbox)
14362,17.51405122824954,78.14096845499387,12.459667067324744,TG+AP(bbox)
14363,15.644139873933485,79.25967806,18.49666476194432,TG+AP(bbox)
14364,16.884284027121943,77.58663472,32.07603681540362,TG+AP(bbox)
14365,16.400473378753592,79.40694712302135,2.100381656181079,TG+AP(bbox)
14367,18.109369969800195,79.33486168527703,24.742646193783703,TG+AP(bbox)
14370,18.006744830704076,78.25002042565669,2.8593910146048445,TG+AP(bbox)
14371,17.227683529118547,77.97716276834126,6.887852473818049,TG+AP(bbox)
14373,17.571863763400508,78.42825699389785,6.598051653763143,TG+AP(bbox)
14376,15.448303096067264,77.87942295932234,11.776059138584667,TG+AP(bbox)
14380,18.02866391382786,78.78784530661916,18.45450563035173,TG+AP(bbox)
14382,18.57910992305781,78.86015036687664,15.857727124161798,TG+AP(bbox)
14383,17.44558655079279,77.62840085136251,10.37157589864476,TG+AP(bbox)
14386,16.91071702421838,78.73854953847122,4.736866419452908,TG+AP(bbox)
14388,18.150412354132733,83.36799797872312,0.9230047236840482,TG+AP(bbox)
14389,16.773037390499688,78.86739130440623,34.04047335352897,TG+AP(bbox)
14391,19.022274764357785,77.96442981261545,23.544204464824787,TG+AP(bbox)
14392,17.99082758689279,78.43327869162444,20.38455023937541,TG+AP(bbox)
14393,18.410507969687977,78.21354656345014,25.824159069578403,TG+AP(bbox)
14394,17.664260540485376,78.62084319,0.7700685618432168,TG+AP(bbox)
14395,18.13547089807551,77.71615718,6.479951094645416,TG+AP(bbox)
14432,18.862827730942985,78.18225608121271,17.438924134832785,TG+AP(bbox)
14433,17.568241715457596,78.51073756517121,2.280850846407477,TG+AP(bbox)
14434,18.89467562308222,78.20098213,17.816590537310258,TG+AP(bbox)
14436,17.965165781421156,78.01118776296406,26.64644252423799,TG+AP(bbox)
14437,18.11636369427964,79.31443231277022,29.76706242401941,TG+AP(bbox)
14438,16.476777814758766,80.75639655692645,3.0282926910064822,TG+AP(bbox)
14439,16.35959604922201,79.40973653083668,2.832068424985201,TG+AP(bbox)
14443,18.23843585591209,78.33943621614985,1.842578055697972,TG+AP(bbox)
14643,14.09646583,77.27044030056528,1.717888133988558,TG+AP(bbox)
14965,16.697442150155133,78.42841134951614,28.21625574665279,TG+AP(bbox)
14971,17.468932362179558,78.78912382135395,2.313844818410802,TG+AP(bbox)
14978,14.763247084405634,77.98209513282451,27.28686080454596,TG+AP(bbox)
14982,17.643570765368782,77.54561545343849,11.647821239724411,TG+AP(bbox)
15014,16.81946837357291,78.51584899221692,11.305852545990463,TG+AP(bbox)
15044,16.133323266668693,77.55699882,40.18150652633685,TG+AP(bbox)
15047,18.789823985759107,77.91748693,15.346365405127806,TG+AP(bbox)
15049,18.001706192585157,77.73448492958262,23.72834114947728,TG+AP(bbox)
15060,16.50433997251109,78.45507649000812,11.632477147452478,TG+AP(bbox)
15069,19.13226305947832,78.24313380818165,45.33479756103971,TG+AP(bbox)
15079,16.464215851428605,77.49627145,13.271504400454967,TG+AP(bbox)
15103,16.998339250618237,81.93084660740605,1.605923916851092,TG+AP(bbox)
15110,18.23220781067125,78.34299245390845,13.639087873033994,TG+AP(bbox)
15112,16.437476435218997,78.06686432092852,18.16953146866738,TG+AP(bbox)
15136,16.858166209187292,77.55071091860569,3.115644642910638,TG+AP(bbox)
15144,17.062762163179404,79.08757708737126,7.354073002925133,TG+AP(bbox)
15146,17.14980620528338,79.32405933617036,2.9934132666904234,TG+AP(bbox)
15159,17.20739680143535,79.32579507553814,14.75034987,TG+AP(bbox)
15453,18.07869816463324,83.38711540932444,3.747571488866013,TG+AP(bbox)
22897,16.288608219396544,80.35168227634917,1.2619249455585309,TG+AP(bbox)
22950,17.270603042869794,79.59663939727113,8.189543161165233,TG+AP(bbox)
22990,15.702859197163349,76.86215220322428,8.903831449311834,TG+AP(bbox)
23014,14.26075951038325,77.24982975825758,3.394861239569887,TG+AP(bbox)
23015,13.395319958020911,77.98677067057464,2.674042289398181,TG+AP(bbox)
23016,14.177684475941946,77.37137292028952,1.0420526575842717,TG+AP(bbox)
23021,15.723278361879554,76.86643206908047,4.3743025527430754,TG+AP(bbox)
23026,13.618094102525577,77.09642625491335,1.1809655335507456,TG+AP(bbox)
23027,17.66228695028413,77.86573447408686,27.631645883255405,TG+AP(bbox)
23031,12.605996457853363,77.42375256200357,1.4744421942746526,TG+AP(bbox)
23032,14.019466686972514,77.33771482257704,3.9107698322237066,TG+AP(bbox)
23057,16.86025170710332,81.36240600065788,6.221123536,TG+AP(bbox)
23058,13.700114806004065,78.70567870697887,5.9015304400126825,TG+AP(bbox)
23061,13.86744711159392,78.92036449615821,2.8261628807603643,TG+AP(bbox)
23062,18.47204062336382,83.65963684284448,0.8324090068972095,TG+AP(bbox)
23063,17.634355932114318,77.48890787453624,5.755421464241852,TG+AP(bbox)
23065,17.354378838150943,79.58808018900012,20.066293509158417,TG+AP(bbox)
23150,12.650370720743622,77.74930569137607,2.573849608069253,TG+AP(bbox)
29177,18.797895118185064,79.13208245372878,0.6576729297138165,TG+AP(bbox)
29714,12.988846010057651,77.82547177309011,1.0631681872865602,TG+AP(bbox)
31261,12.867511673585666,79.95431527054419,0.8106231137258342,TG+AP(bbox)
32320,15.63351983609499,77.87646861859442,2.597095009354333,TG+AP(bbox)
32323,17.16771043144717,77.91497548750847,9.258601438696036,TG+AP(bbox)
32351,17.074342151720217,77.55706411970769,10.727089743167426,TG+AP(bbox)
32359,17.689221787207387,77.86080438587976,8.219760722671506,TG+AP(bbox)
32363,15.02342780109457,77.84224551441412,45.34599028514472,TG+AP(bbox)
32365,17.541941699138548,77.96585034356836,23.370066395083903,TG+AP(bbox)
32379,13.109037580739823,77.49664892360335,1.413784989,TG+AP(bbox)
32387,14.229197985750686,77.27893308,3.938606173,TG+AP(bbox)
32389,14.242946633981646,77.35086090477341,15.128647397772236,TG+AP(bbox)
32403,13.95663284874649,76.79424195718757,19.509758421006243,TG+AP(bbox)
32406,14.868291388010974,76.81353688,11.41345566462397,TG+AP(bbox)
32411,15.240459277447542,76.85448558,2.114539163357933,TG+AP(bbox)
32412,13.497527708788189,76.88291107162844,33.422536773166215,TG+AP(bbox)
32420,13.21556012471117,77.12177463562385,0.8104713210915689,TG+AP(bbox)
32421,15.164069141682514,77.08121659097165,44.51461844073187,TG+AP(bbox)
32423,14.011216205323477,77.36314443490895,0.7919016865229616,TG+AP(bbox)
32426,14.168091788494062,77.35782037424195,5.116214428581422,TG+AP(bbox)
32429,14.147082256101273,77.21977217350205,3.223571002380873,TG+AP(bbox)
32431,12.759566097399777,77.20719532549607,1.7656615199314734,TG+AP(bbox)
32432,17.657857470266368,77.55638137,46.96150416900915,TG+AP(bbox)
32433,13.561241171113558,77.29162609884723,1.3813439427008214,TG+AP(bbox)
32436,14.188788865555546,77.35751869910835,2.867046451341493,TG+AP(bbox)
32450,14.762113857360127,76.95145231,10.150531844694315,TG+AP(bbox)
32451,17.308949016276216,77.61243223851456,18.530762800117625,TG+AP(bbox)
32463,12.949503776327242,77.68497471432603,2.3948023392739217,TG+AP(bbox)
32466,16.708583168381256,80.34359507,0.698012427,TG+AP(bbox)
32469,14.964097774779413,78.05606801230918,273.2914189713713,TG+AP(bbox)
32472,13.698543476527671,79.87685284245136,1.389415059,TG+AP(bbox)
32474,13.701103061353434,79.88368656136176,1.984930392780886,TG+AP(bbox)
32475,16.749820584614547,80.89002722567267,1.1064400500161231,TG+AP(bbox)
32476,18.975920885375487,79.43047255442899,66.60110109470217,TG+AP(bbox)
32477,17.882262113699383,80.86014524891159,9.275947818708818,TG+AP(bbox)
32478,13.626770831528336,79.38379222762704,0.9767438336459188,TG+AP(bbox)
32486,14.06358594759111,76.91991036,15.070718711786672,TG+AP(bbox)
32491,13.506765429288608,77.02971348174471,0.6111259752452045,TG+AP(bbox)
32492,17.931066409687507,77.54184672778727,1.551694471476376,TG+AP(bbox)
32493,16.424007562446022,78.06855549737365,34.32844894161096,TG+AP(bbox)
32494,12.938423477171108,80.00279744124614,5.410053878630325,TG+AP(bbox)
32495,16.843411697535945,80.05694584105736,2.1948891697946205,TG+AP(bbox)
32496,13.528770961226233,79.98127811449547,1.999446229456566,TG+AP(bbox)
32497,15.901834515482376,78.00279819482408,9.211419083111275,TG+AP(bbox)
32498,17.931860575992154,78.13238143499852,7.868403051425413,TG+AP(bbox)
32499,13.52303432355204,79.97349079897997,5.688207720842558,TG+AP(bbox)
32503,17.388542211036384,79.25852526369289,6.018503240863791,TG+AP(bbox)
32511,17.233299070037862,78.43397458673515,4.527226318971685,TG+AP(bbox)
32519,13.210270197451097,77.69049403973067,2.7390811914975264,TG+AP(bbox)
32520,13.553954933705976,80.05205027257959,0.5921845701971107,TG+AP(bbox)
32521,17.304200698368128,79.95657232587025,0.8914062754312375,TG+AP(bbox)
32522,13.200689706293907,77.69842309452821,1.6872763163073807,TG+AP(bbox)
32523,13.473913169040012,79.97515638552328,1.4340843832931554,TG+AP(bbox)
32524,14.906215660589346,76.81024464136019,10.262467569371116,TG+AP(bbox)
32525,13.990489066259876,78.17089716259366,4.243538395260288,TG+AP(bbox)
32530,16.71235844607614,78.47350003718776,17.986367154026862,TG+AP(bbox)
32531,17.222997668283192,79.21057022498195,1.7560748610408232,TG+AP(bbox)
32532,12.956642614253589,78.41341371885214,8.425233053243579,TG+AP(bbox)
32535,17.73228665085929,78.25712835914835,0.5744449091703617,TG+AP(bbox)
32536,17.57171439281464,78.50265349935479,0.5788286364911791,TG+AP(bbox)
32538,17.497465688462576,78.28377672234943,1.6858257036768258,TG+AP(bbox)
32539,17.572355610196272,78.64943507496758,1.1657255734306675,TG+AP(bbox)
32540,17.053104735778422,78.53013754916938,3.599575119,TG+AP(bbox)
32542,16.806874330462232,78.89909114943325,26.90703495093188,TG+AP(bbox)
32544,13.206088515249313,79.03917354978944,1.543276398878178,TG+AP(bbox)
32545,17.175418003393283,79.08127002068761,2.9917361970513103,TG+AP(bbox)
32546,16.95315456215311,78.85225485465295,1.2702456039055026,TG+AP(bbox)
32549,17.038172543001863,81.01373602555229,2.650358292415123,TG+AP(bbox)
32574,12.794727218633344,77.74269001,0.7327195242481247,TG+AP(bbox)
32576,20.021163453702904,79.27159127109404,12.537982072478906,TG+AP(bbox)
32577,13.368942825631889,78.36530018366352,18.55577708086277,TG+AP(bbox)
32580,12.85249898,78.38140221151693,19.4586166,TG+AP(bbox)
32582,17.039642053900454,78.19114075,0.8580055434485897,TG+AP(bbox)
32583,18.140546417633736,83.65108505379995,29.168154790095738,TG+AP(bbox)
32587,17.392064297147645,78.18301723818688,1.1924998001086846,TG+AP(bbox)
32589,19.26231599186488,82.73380882863289,40.00531358235143,TG+AP(bbox)
32613,14.463416836265496,78.23809647,8.679914434233236,TG+AP(bbox)
44382,13.593039516610697,79.73322763236749,10.911436353046378,TG+AP(bbox)
44390,14.606365791985745,76.70585984467202,0.7217307874196839,TG+AP(bbox)
44601,16.46869168444088,77.50518564396008,4.148095461332312,TG+AP(bbox)
44608,15.35729331743902,78.21925225025927,11.074596410058865,TG+AP(bbox)
44614,14.612417910612622,76.71896064,2.876078287024997,TG+AP(bbox)
44718,17.762163016075746,78.59240764823622,21.37787284218573,TG+AP(bbox)
44721,16.792578580033517,78.94154908403553,16.03420223215089,TG+AP(bbox)
44726,16.454981850860147,80.41181629488797,1.466905748954665,TG+AP(bbox)
44727,18.257083852503406,78.30476764932715,29.11058422620635,TG+AP(bbox)
44728,13.58030070038465,80.03405422887981,1.3396720558105712,TG+AP(bbox)
44729,16.738405931494434,81.76351043916021,2.610844858754613,TG+AP(bbox)
44730,16.90608512805485,79.31576901106115,1.4957787568570424,TG+AP(bbox)
44731,17.719160257062722,78.24714874298832,0.8696972085387215,TG+AP(bbox)
44732,17.807838163706226,78.35373742413366,1.1913682707324913,TG+AP(bbox)
44734,17.773733919601924,77.01912732037509,2.709731860735628,TG+AP(bbox)
44770,16.933783159430735,78.38160285218508,0.9099596328572008,TG+AP(bbox)
44774,17.774349267306373,83.27163087860201,1.346880922591131,TG+AP(bbox)
44775,18.188897038308657,77.46283417865374,53.46922538,TG+AP(bbox)
44776,13.770203985171946,76.89685022286396,1.9424698365903712,TG+AP(bbox)
44781,18.71734178709277,76.7676276,0.7653102223280487,TG+AP(bbox)
44809,16.18903164458699,77.04400793273847,3.0556393186591326,TG+AP(bbox)
44810,17.98001345289768,77.43261279658748,37.520246996324765,TG+AP(bbox)
44811,15.728535691832649,76.85960493981383,4.065203244634967,TG+AP(bbox)
44826,12.918907315915314,79.87629383787687,3.6858051280527993,TG+AP(bbox)
46975,14.176498849913028,77.43919098122586,17.47558340254499,TG+AP(bbox)
46976,17.642054263975254,77.41817507719138,9.259571201395486,TG+AP(bbox)
46978,12.846028859170984,79.95512454854865,4.190594323516861,TG+AP(bbox)
46982,17.046863180682717,78.23637629584987,2.181916547725521,TG+AP(bbox)
46986,14.104155157321838,78.46234155,290.74686736796326,TG+AP(bbox)
47036,17.058284547109334,78.46581492242557,7.191190430171603,TG+AP(bbox)
47040,17.926304455164594,78.02104527883873,33.224703322991395,TG+AP(bbox)
48106,16.83774600495347,78.95674128,28.424021953059324,TG+AP(bbox)
49250,14.947518643367788,77.68522273473485,69.47688221969992,TG+AP(bbox)
49761,18.14746754138001,77.42274486544126,9.006798968024551,TG+AP(bbox)
50400,12.804427780026836,79.31826318828125,9.606816122,TG+AP(bbox)
50922,12.900980338741377,77.37268382619445,0.6203171737877924,TG+AP(bbox)
52908,14.916249021087896,78.27729545662444,184.19874453138604,TG+AP(bbox)
53197,17.960677026882767,80.83117143606094,27.979987665981817,TG+AP(bbox)
53241,14.580021624794044,78.57194063310723,14.664428425578835,TG+AP(bbox)
53242,13.910942325551002,76.81911757,29.121266062321503,TG+AP(bbox)
53244,13.513922500129611,78.10062982261137,4.498490703931371,TG+AP(bbox)
53263,17.103267977871038,77.24023279652239,88.01458463966694,TG+AP(bbox)
53264,17.73373492,77.21220986971541,33.36584357724317,TG+AP(bbox)
53265,17.674121431261998,77.20706243320087,4.277088808155996,TG+AP(bbox)
53266,17.982434131381343,77.56074303709862,14.33008886219023,TG+AP(bbox)
53267,18.08052385067959,77.13126938834688,24.977918830459416,TG+AP(bbox)
53270,15.63953808954505,76.93233871427812,4.694325548317042,TG+AP(bbox)
53272,15.992559409867454,76.93192722894229,41.55849120499983,TG+AP(bbox)
53277,12.838670445531733,77.19939990010936,30.97620915622426,TG+AP(bbox)
53278,12.861422629231754,77.30030058711624,12.09861233321387,TG+AP(bbox)
53279,13.09244440473076,78.28619156,9.219780785,TG+AP(bbox)
53288,13.285464281305032,79.61915960266667,17.62575599149277,TG+AP(bbox)
53370,18.446514088809973,79.87840763260752,12.439818366720631,TG+AP(bbox)
53384,15.13209290710805,77.62299408777501,1.8539607927823265,TG+AP(bbox)
53572,17.349261233250836,78.17810871,5.938303769512165,TG+AP(bbox)
53642,17.790446767238944,77.67211676125724,7.739634025740226,TG+AP(bbox)
54311,18.651940998300308,79.53530840259846,51.48473884971382,TG+AP(bbox)
54589,17.094493462008113,81.80271807323972,1.3374187986400878,TG+AP(bbox)
55002,19.378865456606245,77.40807913265898,3.538643298170879,TG+AP(bbox)
55766,13.258330540654237,80.30451277590896,2.4954893326510668,TG+AP(bbox)
55770,13.543801591089462,79.99985035926534,1.2912129169491582,TG+AP(bbox)
55819,17.590310063535494,83.11532124668048,16.473415087123303,TG+AP(bbox)
57515,17.597204434037494,78.11966607301163,0.8264344790605523,TG+AP(bbox)
58121,17.80708190227075,78.43529107724514,1.7501528967740556,TG+AP(bbox)
58579,13.667949001561285,80.22416199869895,0.7667930718802419,TG+AP(bbox)
60303,12.94430159308023,79.14533383625502,3.745027814209709,TG+AP(bbox)
62921,16.503446360195834,81.89817609843486,5.102820373670596,TG+AP(bbox)
63268,15.886728174114044,76.88734570699414,7.608259581808426,TG+AP(bbox)
63461,17.543328986531048,80.65604441207307,7.713046214083306,TG+AP(bbox)
63565,17.295511805785363,77.43604420871442,6.884204980080663,TG+AP(bbox)
63580,13.181810304299196,78.15094290377301,10.644826294288665,TG+AP(bbox)
63581,13.627846873699196,77.82402805945391,13.011292492497953,TG+AP(bbox)
64763,17.758788745163674,83.18556847919233,1.347216410706456,TG+AP(bbox)
67758,12.91337171144292,80.12540914234361,0.5741228122739198,TG+AP(bbox)
71235,13.010888895736144,77.55720789444337,1.3615422466055092,TG+AP(bbox)
72206,12.835906649791546,79.94389205989846,1.209169797625918,TG+AP(bbox)
74774,17.40662028307889,78.31856721627473,11.004028982817434,TG+AP(bbox)
77690,13.611085511305152,76.76952657461615,2.2313253608909145,TG+AP(bbox)
77693,13.873981560655052,76.74236169799634,37.98425462479757,TG+AP(bbox)
77702,15.039397805821114,76.72018504042644,15.89563532835835,TG+AP(bbox)
77704,15.04418884052237,76.71255669836937,2.761925771078796,TG+AP(bbox)
77705,15.05059818703918,76.71483491703817,12.724116919642077,TG+AP(bbox)
77717,18.035199352087925,76.73222636579287,3.2955666791921314,TG+AP(bbox)
77718,18.11253262177384,76.80236025250817,2.4196028522963715,TG+AP(bbox)
77719,19.76025498330437,76.79694933893236,7.952335524642401,TG+AP(bbox)
77720,19.47010103226536,76.73852534906017,7.693316081,TG+AP(bbox)
77763,13.573355949232218,77.34273530497774,12.542132846454388,TG+AP(bbox)
77765,13.839896899949286,77.45869417546648,1.7672253292375122,TG+AP(bbox)
77766,14.864839207898102,76.91100966419116,5.1241738048495336,TG+AP(bbox)
77767,16.132680287699067,76.93281435298772,19.44157957187306,TG+AP(bbox)
77768,16.439104227511454,77.12918508218306,33.21737362389656,TG+AP(bbox)
77769,16.133332485037734,76.94743745798836,15.79323824162904,TG+AP(bbox)
77770,17.13763910778229,77.19547906,13.206374500652108,TG+AP(bbox)
77771,18.430388404422683,77.10397993618011,3.927589914310616,TG+AP(bbox)
77772,18.638077317428245,76.96800229014035,2.0105976683315525,TG+AP(bbox)
77773,18.570541469213325,77.21321186143166,25.94213828258256,TG+AP(bbox)
77774,19.02431147,77.19449599108192,8.942364769,TG+AP(bbox)
77775,18.56041204036832,77.26367494458488,11.54399183626044,TG+AP(bbox)
77776,18.702923699822872,76.86059382371796,6.602766277230387,TG+AP(bbox)
77777,18.57210541914578,77.25618801743589,10.75376232218019,TG+AP(bbox)
77778,18.57735884314201,77.21770548699192,4.3180502215620375,TG+AP(bbox)
77779,18.760742924983024,76.86098970253435,2.728689770449696,TG+AP(bbox)
77780,19.898718792398554,77.03855943085209,9.814526486,TG+AP(bbox)
77781,19.529615355250904,77.30902584791679,3.9590943216307712,TG+AP(bbox)
77782,19.877224602949763,76.90205583417588,3.548910392075449,TG+AP(bbox)
77855,13.486678210855793,77.90214851825927,26.34021697722393,TG+AP(bbox)
77856,15.21814411,77.92758457231648,9.664036376782292,TG+AP(bbox)
77857,15.03292097391664,78.01227395345205,8.408451388216962,TG+AP(bbox)
77858,15.110018997343204,77.68456398719835,3.000470306402212,TG+AP(bbox)
77859,15.226493392014794,77.93419103565527,1.1320832312470777,TG+AP(bbox)
77860,16.45187123315093,78.00952358763315,3.0770499408886085,TG+AP(bbox)
77861,15.854150615996726,78.06406752752389,5.502766854586276,TG+AP(bbox)
77862,19.472312384871675,78.21749662,9.102638401692149,TG+AP(bbox)
77863,19.430293387201388,77.89115743804055,1.071918095873427,TG+AP(bbox)
77905,12.959891470324042,78.35810299,26.22544244625294,TG+AP(bbox)
77906,13.25695984453202,78.96507503996745,12.995184037503035,TG+AP(bbox)
77907,13.287527118254534,78.98326203,11.624954393754791,TG+AP(bbox)
77908,13.956555293893008,78.84592317663225,17.471231111772816,TG+AP(bbox)
77909,14.04962271894202,78.45119277864409,26.227861612569253,TG+AP(bbox)
77910,14.111389118603178,78.78657418718653,17.27731514883536,TG+AP(bbox)
77911,14.280210366024262,78.48701680076246,18.414829866397223,TG+AP(bbox)
77912,16.681065389246537,78.47429123029406,2.010429754521059,TG+AP(bbox)
77913,16.707686079560013,78.43571615654604,5.453459236,TG+AP(bbox)
77914,17.225712594823417,78.64215402299419,6.464592002010729,TG+AP(bbox)
77915,17.475479823582347,78.45491425008004,2.8328488914765417,TG+AP(bbox)
77916,17.458093954275927,78.52451442531269,1.757050384976667,TG+AP(bbox)
77917,19.71559948371756,79.16792701549619,5.764816744,TG+AP(bbox)
77918,19.778775498953173,79.14324911854564,5.2526459218289165,TG+AP(bbox)
77919,19.713965665609464,79.17563247,1.680665078049146,TG+AP(bbox)
77920,19.79243089617701,79.06722992,1.8980443225876784,TG+AP(bbox)
77941,13.091647123417877,79.32176751024967,6.903273296620218,TG+AP(bbox)
77942,13.668410597444735,79.71213180968358,2.084118692698849,TG+AP(bbox)
77943,14.065446182373428,79.96954108105103,1.803716934,TG+AP(bbox)
77944,14.04881399986892,79.31164156,2.3204235263772466,TG+AP(bbox)
77945,15.54687222462116,79.75004783,4.006696747071665,TG+AP(bbox)
77946,15.022400045083026,79.54394765964413,6.104023029149186,TG+AP(bbox)
77947,16.864027707546164,80.01617849266317,2.5956466687202733,TG+AP(bbox)
77948,16.844682800257377,79.97961739,2.1613561883939645,TG+AP(bbox)
77949,16.72128415379797,79.81743851922992,2.114417565,TG+AP(bbox)
77950,17.371285168666837,79.98141299195207,6.506579136186431,TG+AP(bbox)
77951,17.52264130248156,80.63940018916544,30.715539627565786,TG+AP(bbox)
77952,18.963877344210985,79.48875342782664,19.524518613087416,TG+AP(bbox)
77953,18.73298820829439,79.46779261057318,86.19932605013642,TG+AP(bbox)
77954,19.039427627200087,79.43390408509134,14.085295940134426,TG+AP(bbox)
77955,18.97016309465747,79.49603809056482,9.047788851005148,TG+AP(bbox)
77956,18.835587478262426,79.5657249,12.277324323225232,TG+AP(bbox)
77957,18.838727211128685,79.57631192089262,3.6310789900828215,TG+AP(bbox)
77996,18.74398591233069,82.81429345785304,6.748934849526606,TG+AP(bbox)
77997,18.85746647893796,82.55213531611425,2.0778914,TG+AP(bbox)
77998,19.43135015081297,82.8562764,1.1488315766085906,TG+AP(bbox)
78032,17.569463247496195,83.10730219,1.825305488112128,TG+AP(bbox)
78033,18.109156372612937,83.57856699701108,1.934069407364856,TG+AP(bbox)
78034,19.16763204594459,83.08717603722425,6.276085459862941,TG+AP(bbox)
82821,16.131011493689382,76.91935375017141,20.53815103497514,TG+AP(bbox)
82851,17.568779807407715,80.31659161437436,32.05472679832592,TG+AP(bbox)
82899,15.553440227129531,76.75664104851774,30.80468797400923,TG+AP(bbox)
83060,17.271950469884978,79.15200787703118,18.61641305812985,TG+AP(bbox)
83127,18.56068866375601,77.25382357338782,15.161706767372584,TG+AP(bbox)
83141,14.864241261658355,76.82823593802746,13.703748257271158,TG+AP(bbox)
83165,17.50823114275942,80.64631995579715,12.899332600727394,TG+AP(bbox)
83167,14.940761427104972,78.34266054400295,11.555629145748716,TG+AP(bbox)
83235,15.84847638,78.07304905036973,9.551918992450538,TG+AP(bbox)
83239,12.781291990961018,79.44523463760787,9.219885527940622,TG+AP(bbox)
83306,17.801766821063847,77.15192833,15.40908477058168,TG+AP(bbox)
83376,18.060142267991804,78.98531962686113,17.234077366747314,TG+AP(bbox)
83654,16.193103874180924,80.25182782892189,3.381663592548092,TG+AP(bbox)
84495,12.69360733558137,77.09735178659729,5.164601768408702,TG+AP(bbox)
84496,13.630181735519018,77.47975023,2.795984519759773,TG+AP(bbox)
84497,19.089153592127705,77.69739355770893,3.537175387739015,TG+AP(bbox)
84504,15.48344427824503,78.25062378,204.7593557959396,TG+AP(bbox)
84513,14.699210331615031,79.97639391016624,1.7906008953266208,TG+AP(bbox)
84514,16.12044651696989,80.19059956203328,2.376719355755742,TG+AP(bbox)
84518,16.96295424452175,81.25565659326342,0.8464309376650816,TG+AP(bbox)
86149,12.693236671274835,77.11063162866114,9.633474060686384,TG+AP(bbox)
86648,15.467871396469612,78.28915319214605,28.550262100542696,TG+AP(bbox)
86765,16.769440867040128,78.87890893,2.033648077789336,TG+AP(bbox)
86896,14.597488192886772,76.76778261467487,12.422147784034353,TG+AP(bbox)
