DISTRICT_NAME,STATE_NAME,LATITUDE,LONGITUDE,ALLSKY_SFC_SW_DWN,ALLSKY_SFC_SW_DNI,ALLSKY_SFC_SW_DIFF,CLOUD_AMT,T2M,T2M_MAX,WS10M,RH2M,PRECTOTCORR,AOD_55
Khammam,Telangana,17.1729,80.3639,5.201,3.6874,2.2462,51.09,27.59,48.23,3.15,69.04,2.86,0.49
Adilabad,Telangana,19.5449,78.5683,5.2392,3.9816,2.1506,46.3,26.99,47.58,3.3,56.17,2.64,0.51
Karimnagar,Telangana,18.4076,79.2649,5.279,3.9031,2.2073,47.5,27.58,47.95,3.22,57.98,2.53,0.51
Hanumakonda,Telangana,18.0327,79.5414,5.279,3.9031,2.2073,47.5,27.19,47.25,3.38,59.68,2.36,0.51
Medak,Telangana,17.9375,78.1919,5.3587,3.8851,2.2663,49.08,26.29,44.77,3.7,57.45,2.31,0.51
Nizamabad,Telangana,18.7249,78.1848,5.327,3.9216,2.2414,48.22,26.82,45.89,3.52,55.75,2.34,0.51
Ranga Reddy,Telangana,17.1334,78.3829,5.3587,3.8851,2.2663,49.08,25.84,43.98,3.93,60.33,2.11,0.51
Nalgonda,Telangana,16.858,79.1586,5.3158,3.6706,2.3261,50.54,27.78,47.0,3.47,61.84,2.11,0.51
Mahabubnagar,Telangana,16.6964,78.0232,5.3988,3.7874,2.339,49.94,26.65,44.59,3.88,60.33,2.03,0.51
Hyderabad,Telangana,17.3887,78.4692,5.3587,3.8851,2.2663,49.08,26.1,45.0,3.73,60.3,2.21,0.51
Sangareddy,Telangana,17.8684,77.9469,5.3594,3.9686,2.225,48.9,26.29,44.77,3.7,57.45,2.31,0.5
Medchal–Malkajgiri,Telangana,17.535,78.554,5.3587,3.8851,2.2663,49.08,26.1,45.0,3.73,60.3,2.21,0.51
Siddipet,Telangana,18.0058,78.8981,5.327,3.9216,2.2414,48.22,26.25,45.66,3.63,58.88,2.33,0.51
Jogulamba Gadwal,Telangana,16.0999,77.87,5.5447,4.1016,2.2949,48.23,27.34,45.5,3.9,60.28,2.01,0.49
Warangal,Telangana,17.8676,79.7604,5.317,3.8179,2.2598,49.3,27.41,47.67,3.1,62.43,2.7,0.51
Jangaon,Telangana,17.7467,79.2038,5.317,3.8179,2.2598,49.3,27.31,47.0,3.4,60.84,2.22,0.51
Vikarabad,Telangana,17.2701,77.7175,5.3594,3.9686,2.225,48.9,26.11,44.4,3.85,57.34,2.28,0.5
Mancherial,Telangana,18.9805,79.4198,5.279,3.9031,2.2073,47.5,27.58,48.17,3.11,57.26,2.76,0.51
Kumuram Bheem Asifabad,Telangana,19.3339,79.3899,5.1953,3.9163,2.147,46.74,27.29,48.16,3.11,57.42,3.03,0.51
Nirmal,Telangana,19.0915,78.3565,5.2392,3.9816,2.1506,46.3,27.0,46.72,3.42,54.73,2.39,0.51
Peddapalli,Telangana,18.6207,79.4724,5.279,3.9031,2.2073,47.5,27.58,47.95,3.22,57.98,2.53,0.51
Jagtial,Telangana,18.8214,78.9083,5.327,3.9216,2.2414,48.22,27.1,47.41,3.35,56.0,2.47,0.51
Rajanna Sircilla,Telangana,18.4526,78.7738,5.327,3.9216,2.2414,48.22,26.9,46.81,3.45,56.81,2.38,0.51
Bhadradri Kothagudem,Telangana,17.7157,80.7624,5.201,3.6874,2.2462,51.09,27.39,47.88,3.01,67.35,2.99,0.49
Jayashankar Bhupalapally,Telangana,18.5129,79.9525,5.279,3.9031,2.2073,47.5,27.69,48.23,2.94,60.53,2.99,0.51
Mahabubabad,Telangana,17.7139,79.9179,5.317,3.8179,2.2598,49.3,27.48,47.5,3.17,64.04,2.52,0.51
Suryapet,Telangana,17.0803,79.7168,5.317,3.8179,2.2598,49.3,27.95,48.06,3.23,65.19,2.42,0.51
Nagarkurnool,Telangana,16.4157,78.6675,5.3988,3.7874,2.339,49.94,26.6,44.95,3.89,62.56,2.03,0.51
Yadadri Bhuvanagiri,Telangana,17.4282,79.0703,5.317,3.8179,2.2598,49.3,27.31,47.0,3.4,60.84,2.22,0.51
Wanaparthy,Telangana,16.2849,77.9853,5.5447,4.1016,2.2949,48.23,26.65,44.59,3.88,60.33,2.03,0.49
Kamareddy,Telangana,18.3165,78.0441,5.327,3.9216,2.2414,48.22,26.82,45.89,3.52,55.75,2.34,0.51
Mulugu,Telangana,18.3146,80.3025,5.1389,3.7486,2.1828,49.44,27.69,48.23,2.94,60.53,2.99,0.49
Narayanpet,Telangana,16.7005,77.5175,5.5447,4.1016,2.2949,48.23,27.07,45.0,3.87,57.95,1.96,0.49
Srikakulam,Andhra Pradesh,18.6224,84.1758,4.9421,3.265,2.2862,55.97,27.11,38.83,4.5,76.39,3.72,0.51
Vizianagaram,Andhra Pradesh,18.276,83.4212,4.9015,3.1469,2.3004,56.93,24.59,45.12,2.81,70.21,3.88,0.51
Visakhapatnam,Andhra Pradesh,17.8055,83.3174,5.0006,3.331,2.2879,53.73,25.98,45.07,3.25,72.93,3.61,0.51
East Godavari,Andhra Pradesh,16.9961,81.6851,5.0779,3.2285,2.3873,54.72,27.44,47.99,3.23,73.29,3.21,0.51
West Godavari,Andhra Pradesh,16.643,81.5933,5.0779,3.2285,2.3873,54.72,27.74,43.46,4.17,75.37,3.24,0.51
Krishna,Andhra Pradesh,16.238,81.1033,5.0779,3.2285,2.3873,54.72,28.02,40.45,4.79,76.01,3.08,0.51
Guntur,Andhra Pradesh,16.2853,80.4635,5.123,3.271,2.3947,54.38,27.99,48.35,3.38,69.9,2.81,0.51
Kurnool,Andhra Pradesh,15.548,77.6239,5.5687,4.0901,2.3045,48.51,26.95,44.25,4.23,59.87,1.77,0.49
Prakasam,Andhra Pradesh,15.5642,79.7929,5.2618,3.4409,2.3904,55.13,28.33,44.74,4.39,69.05,2.39,0.51
YSR Kadapa,Andhra Pradesh,14.5397,78.6254,5.4929,3.8825,2.3467,51.76,27.63,45.99,4.06,63.3,2.06,0.45
Sri Potti Sriramulu Nellore,Andhra Pradesh,14.5575,79.638,5.3426,3.5892,2.3738,55.33,27.75,46.55,3.88,66.26,2.43,0.45
Anantapuram,Andhra Pradesh,14.7241,77.4488,5.6566,4.2067,2.3023,50.43,26.67,43.53,4.51,60.75,1.69,0.45
Chittoor,Andhra Pradesh,13.2029,78.9971,5.5092,3.6926,2.4516,55.88,25.37,43.06,3.77,68.99,2.43,0.45
Tirupati,Andhra Pradesh,13.8893,79.6242,5.3364,3.4363,2.4408,57.15,27.0,45.24,3.73,67.7,2.49,0.45
Annamayya,Andhra Pradesh,13.7884,78.5572,5.5092,3.6926,2.4516,55.88,26.28,43.08,4.16,65.02,2.06,0.45
Sri Sathya Sai,Andhra Pradesh,14.1682,77.6776,5.6566,4.2067,2.3023,50.43,25.39,41.9,4.46,63.31,1.96,0.45
Bapatla,Andhra Pradesh,15.9342,80.4525,5.1708,3.3883,2.3698,53.62,28.2,45.53,4.0,71.18,2.78,0.51
Parvathipuram Manyam,Andhra Pradesh,18.7515,83.4618,4.9015,3.1469,2.3004,56.93,26.1,47.23,2.56,69.2,3.64,0.51
Eluru,Andhra Pradesh,17.0144,81.183,5.057,3.5239,2.2205,53.58,27.35,47.99,3.09,71.8,3.13,0.49
Alluri Sitharama Raju,Andhra Pradesh,18.0592,82.5638,4.8958,3.3953,2.177,55.2,23.77,44.29,2.85,72.61,3.84,0.5
Dr. B. R. Ambedkar Konaseema,Andhra Pradesh,16.6289,82.0327,5.0326,3.3163,2.3258,55.51,27.74,43.46,4.17,75.37,3.24,0.48
Kakinada,Andhra Pradesh,17.1205,82.2533,4.9397,3.2218,2.2874,58.25,27.61,41.72,4.44,76.33,3.35,0.5
Anakapalli,Andhra Pradesh,17.6715,82.7463,4.9397,3.2218,2.2874,58.25,26.1,46.01,3.28,74.23,3.46,0.5
Nandyal,Andhra Pradesh,15.525,78.2918,5.3335,3.6938,2.3254,50.46,27.24,45.52,4.02,61.44,1.95,0.51
NTR,Andhra Pradesh,16.817,80.4275,5.123,3.271,2.3947,54.38,27.59,48.23,3.15,69.04,2.86,0.51
Palnadu,Andhra Pradesh,16.3232,79.8182,5.3158,3.6706,2.3261,50.54,28.16,48.4,3.43,66.31,2.39,0.51
Markapuram,Andhra Pradesh,15.6641,79.2664,5.2618,3.4409,2.3904,55.13,27.6,46.92,3.88,66.34,2.14,0.51
